content,create_time,funding_round,link,source,title
36氪获悉，据美国证券交易委员会提交的文件，创业公司 American Well 已获得了超过 2.9 亿美元融资，本轮由飞利浦和 Allianz X 领投。本轮的新资金则将主要用于发展 American Well 的虚拟医生业务。,2018-07-04 18:38:01,未透露,http://36kr.com/p/5141543.html,36Kr,远程医疗平台American Well获超过2.9亿美元融资
据星球日报报道，近日，代币投资平台Republic宣布完成了1200万美元的融资，由Binance Labs和Neo Global Capital ECO Fund领投，其余参投方还包括真格基金、ZK Capital、East Chain Co.等。同时，Republic宣布将发行自己的代币，作为平台流通手段。,2018-07-04 17:46:51,未透露,http://36kr.com/p/5141660.html,36Kr,代币投资平台Republic获1200万美元融资
深交所下发对万达电影的重组问询函，要求其对披露的《发行股份及支付现金购买资产暨关联交易报告书》进行完善和补充说明。据悉，此前万达电影拟向万达投资等21名交易对方支付现金及发行股份购买其持有的万达影视传媒有限公司96.8262%的股权。（网易）,2018-07-04 15:22:05,未透露,http://money.163.com/18/0704/14/DLSKJF1B00258105.html,网易,万达电影重组被深交所问询，要求进行补充说明
有消息称，映客港股IPO最终定价为3.85港元，此前据映客招股书披露，发行价区间为3.85至5港元，发行3.02亿股。市传映客目前的国际配售已超额三倍认购，获得众多著名中美基金认购。（腾讯）,2018-07-04 15:11:31,IPO,http://tech.qq.com/a/20180704/030876.htm,腾讯,消息称映客IPO定价3.85港元，已超额三倍认购
投资机构数据库Crunchbase公布报告，对2018年二季度全球风险投资（VC）市场进行总结。数据显示，二季度风投交易宗数和交易金额上升。中国创业公司占了47%的份额，美国、加拿大企业合计占了35%。这是中国企业的风投融资额第一次超过北美企业。（新浪）,2018-07-04 11:18:09,未透露,https://tech.sina.com.cn/it/2018-07-04/doc-ihevauxk0904431.shtml?cre=tianyi&mod=pctech&loc=3&r=25&doct=0&rfunc=53&tj=none&tr=25,新浪,报告：中国二季度风投金额占全球47%份额，超越北美
36氪讯，绿城中国公告称，公司与汇丰银行等香港18家主要银行签订总金额为等值8亿美元、年利率按HIBOR／LIBOR＋2.565%的三年期无抵押贷款协议。该笔贷款将主要为公司现有境外债务再融资，贷款将于贷款协议日期起计36个月内最终还款日期前分期偿还。（证券日报）,2018-07-04 10:52:16,未透露,http://www.zqrb.cn/gscy/qiyexinxi/2018-07-04/A1530636943870.html,证券日报,绿城中国获8亿美元低息融资
36氪讯，据中国证券投资基金业协会网站，世界头号对冲基金桥水已经完成备案登记，正式成为境内私募管理人。公示显示，桥水（中国）投资管理有限公司注册5000万人民币，企业性质为外商独资。,2018-07-04 08:45:46,未透露,http://gs.amac.org.cn/amac-infodisc/res/pof/manager/1803051145109255.html,36Kr,桥水基金正式入华
36氪讯，Homage再获415万美元新一轮融资。本轮融资中，Golden Gate Ventures、SeedPlus 继续跟投，HealthXCapital 、 Juha Paananen（Nonstop Games 首席执行官）等共同参投。本轮资金将用于全球化扩张。,2018-07-04 08:06:25,未透露,http://36kr.com/p/5141501.html,36Kr,老年按需护理服务平台Homage获415万美元融资
据外媒报道，植物蛋白食品和饮料公司 Califia Farms  已完成了超过5000万美元的融资。本轮由Ambrosia Investments 领投，原有资方 Sun Pacific 和 Stripes Group 跟投。新资金将用于提升工厂产能，加快新产品的面市和商业化。,2018-07-03 19:18:28,未透露,http://36kr.com/p/5141448.html,36Kr,植物蛋白食品和饮料公司 Califia Farms获超5000万美元融资
蚂蚁金服近日斥资近1亿美元投资了社交投资网站雪球，交易将于近期完成交割。陈一舟旗下人人公司在此次交易中有大幅减持，但仍保留了少量雪球的股权。据知情人士透露，此轮融资中雪球的估值约为4到5亿美元。（雷帝触网）,2018-07-03 19:00:24,未透露,https://mp.weixin.qq.com/s/z2TSAS-fQNmpnPPDpr_jxg,雷帝触网,蚂蚁金服斥资近1亿美元投资雪球
摩根大通银行（中国）有限公司今日宣布，在“债券通”开通一周年之际，该行已正式获得债券通做市商资格并顺利完成该行的首笔交易。摩根大通中国将作为报价机构之一来服务内地与香港债券市场互联互通机制下的“北向通”业务。（腾讯）,2018-07-03 14:44:55,未透露,https://finance.qq.com/a/20180703/029966.htm,腾讯,摩根大通成为“债券通”做市商：已完成首笔交易
普华永道中国内地及香港市场主管合伙人林智怡表示：中国今年IPO交易可能降至100~120桩，中国公司料在今年IPO中募集2000亿元人民币。（彭博）,2018-07-03 14:39:18,IPO,,彭博,普华永道合伙人：中国今年IPO交易可能降至100~120桩
港交所行政总裁李小加：昨日香港因假期休市，但其他市场开放，当中A股出现较大的震荡。现时国际市场状况仍未明朗，贸易战的威胁仍然存在，影响投资情绪，因此股市波动亦属于正常反应，市场无需大惊小怪。（香港经济日报）,2018-07-03 12:54:52,未透露,,香港经济日报,李小加：港股大跌属正常反应 市场无需大惊小怪
恒指跌幅一度扩大至3%，跌850点。（财联社）,2018-07-03 09:50:31,未透露,,财联社,恒指跌幅一度扩大至3%
离岸人民币兑美元跌破6.70关口，为2017年8月以来首次。（彭博）,2018-07-03 09:22:19,未透露,,彭博,离岸人民币兑美元跌破6.70关口
6月29日，小米最终确定发行价格17港元，估值约为540亿美元，低于市场预期。据境外机构投资者，港股市况不佳、小米前期估值过高、基本面与经营模式待观望等因素，成为市场反应不及预期的主因。下半年美团、同程艺龙、映客、找钢网、沪江等多家互联网企业计划赴港上市，有业内人士认为，未来独角兽股价炒作和高估值的可能性不大，基本面仍然是定价的关键。（21世纪经济报道）,2018-07-03 07:18:30,未透露,,21世纪经济报道,小米的港股之旅或将成为内地独角兽上市的风向标
互联网家装平台齐家网宣布将香港IPO时间由7月5日推迟至7月12日，定价4.85港元/股，低于招股区间。（财联社）,2018-07-03 07:10:23,IPO,,财联社,齐家网推迟IPO时间至7月12日
中国招商局集团、中国资产管理公司SPF集团和伦敦投资公司Centricus日前联合宣布，将推出一只150亿美元的科技投资基金。这只基金名为“中国新时代科技基金”，规模为1000亿元人民币合(约合150亿美元)，希望成为中国版“愿景基金”，后者由软银集团创建，规模为1000亿美元。（路透）,2018-07-02 20:20:12,未透露,,路透,中国推出千亿元科技基金 挑战软银“愿景基金”
纳斯达克（NDAQ）周一宣布，已与印度国家证券交易所（NSE)签署技术和战略合作协议。（新浪）,2018-07-02 18:28:49,未透露,,新浪,纳斯达克：已与印度国家证券交易所签署技术和战略合作协议
6月底，多家基金公司公布了半年报。数据显示，自今年5月初余额宝开放接入其他货币基金产品以来，“分流”成效显著，天弘基金单支基金规模下降超过2000亿元。（中证网）,2018-07-02 16:11:38,未透露,"http://news.cnstock.com/news,bwkx-201807-4240810.htm",中证网,余额宝“分流”两个月，天弘单支基金规模下降超2000亿
Spin试图筹集近1.25亿美元的安全令牌产品（STO），目前该公司尚未正式在交易所出售其代币。知情人士称，Spin可能会把交易列在多个加密数字货币的交易所上，但它正在等待更多像Coinbase一样的主流交易所来支持STO。STO被广泛认为是一个更安全版本的首次币发行。（猎云网）,2018-07-02 07:49:26,未透露,http://www.lieyunwang.com/archives/444687,猎云网,电动滑板车创企Spin计划发行加密数字货币，欲筹集1.25亿美元
路透社称，全球投资公司Centricus与中国招商局集团以及SPF集团周日宣布，将推出一个规模达1000亿元人民币的科技投资基金。三公司表示，该基金将被用于投资和收购科技公司，主要是在中国，但也包括全球其他地区。招商局集团旗下招商资本投资管理有限公司及其他中国投资者将向该基金贡献至多40%的资金。（新浪）,2018-07-02 07:15:20,未透露,http://finance.sina.com.cn/stock/usstock/c/2018-07-02/doc-ihespqry3236765.shtml,新浪,招商局集团等联手Centricus推1000亿元科技投资基金
巴曙松表示，现在中国证券监管部门，一直把CDR的风险作为引入CDR形式非常重要的政策重点。现在还处于试点阶段，下一步还可以充分利用好CDR这种形式，吸引一些新基金公司回归，给国内投资者提供新的投资标的，其实也有很多可供选择的方案，现在是基础制度的创新，已经有很大的进展，运转平稳后，陆续有一系列可以推出来的创新。（一财）,2018-07-01 11:35:33,未透露,https://www.yicai.com/news/5435787.html,一财,巴曙松：互联互通机制可借鉴，扬长避短用好“CDR”
今年以来，北上资金累计成交净买入1601.85亿元，其中，沪港通净买入854.79亿元，深港通净买入747.06亿元。在沪股通中，北上资金共对贵州茅台、中国平安、伊利股份等9股持有市值超100亿元。深股通方面，北上资金对美的集团、格力电器、五粮液等5股持有超百亿市值。（券商中国）,2018-06-30 12:25:48,未透露,http://baijiahao.baidu.com/s?id=1604667629163122720&wfr=spider&for=pc,券商中国,A股这半年，北上资金净买入1602亿
高榕资本是拼多多A轮、B轮的连续领投机构，高榕资本创始合伙人张震表示，他相信拼多多能够在巨头的竞争下存活下来，但同时他也指出，拼多多还是很早期的公司，他希望大家能够更理性地看待它，“因为它现在成长才三年时间，所以我觉得它还需要更长的时间去发展。”（新浪）,2018-06-29 18:28:59,未透露,https://tech.sina.com.cn/i/2018-06-29/doc-iheqpwqz0003318.shtml?cre=tianyi&mod=pctech&loc=3&r=25&doct=0&rfunc=53&tj=none&tr=25,36Kr,高榕资本张震：拼多多还需要更多发展时间
多位独立的消息人士透露，拼多多确实计划赴美上市，并将在近期向SEC提交招股书，承销商为高盛和中金。高盛也已证实这一消息，“在给拼多多做上市资料”。（新京报）,2018-06-29 18:08:14,未透露,http://www.bjnews.com.cn/finance/2018/06/29/493169.html,新京报,投行证实拼多多拟赴美上市，近期将提交招股书
据外媒消息，智能平台Yoobic 近日获得了 2500 万美元的融资， Insight Venture Partners 领投，A轮融资的资方 Felix Capital 本轮跟投。资金将用于市场拓展，将业务从英国和欧洲拓大到美国。,2018-06-29 16:40:29,未透露,http://36kr.com/p/5140917.html,36Kr,智能平台Yoobic 获 2500 万美元融资
高榕资本创始合伙人张震在接受彭博采访时表示，对中国VC而言，海淘和办公室无人货架领域的投资风险较大。当时几乎每家机构都在投资海淘，但是我们没有投。我们做了分析，但是看不到差异性和核心竞争力。还有办公室无人货架，很多机构蜂拥进去，投了很多办公室的无人值守货架，今天看来跑在前面的几家公司基本处境都比较艰难。（腾讯）,2018-06-29 16:12:50,未透露,http://tech.qq.com/a/20180629/032314.htm,腾讯,高榕资本张震：海淘和办公室无人货架领域的投资风险较大
据彭博报道，大连万达旗下传奇影业公司把融资规模从最初的5.85亿美元提高到10亿美元。,2018-06-29 13:01:35,未透露,,36Kr,大连万达旗下传奇影业公司募集10亿美元
从上海医药董事长周军处获悉，该公司与上实集团将联手打造上海生物医药产业基金，一期规模100亿元以上，最终规模约500亿元。“这个不是简单的投资基金，而是一个平台”，周军表示，两家公司未来将打造若干个大平台来推动上海医药生物医药产业的发展。（财联社）,2018-06-29 10:36:40,未透露,https://www.cailianpress.com/roll/254027,财联社,上实集团和上海医药集团将主办成立上海生物医药产业基金，规模500亿元
据外媒报道，在Uber退出东南亚市场的几个月之后，该地区网约车市场的竞争远未结束。消息人士透露，来自印尼的Go-Jek正展开谈判，计划在新一轮融资中筹集约15亿美元。该公司此前的投资方包括腾讯和谷歌等。一名知情人士说，Go-Jek在今年早些时候的前一轮融资中估值约为48亿美元。,2018-06-28 21:50:03,未透露,http://tech.qq.com/a/20180628/042496.htm,36Kr,网约车平台Go-Jek计划融资15亿美元
来自以色列的音乐教育科技公司JoyTunes完成了1000万美元的最新融资。目前，JoyTunes旗下有两个主要移动应用，一个是Simple Piano，是公司的主应用，目前的全球下载量超过了1000万，并且曾经被Google公司和苹果公司推选为最佳移动应用的荣誉。（芥末堆）,2018-06-28 19:45:57,未透露,https://www.jiemodui.com/N/97370.html,芥末堆,音乐教育科技公司JoyTunes融资1000万美元
36氪获悉，法国专门提供线上的外卖餐食的创业公司Taster刚刚完成一轮 400万 美元的融资。领投方为 Sunstone Capital，其他投资方包括 Global Founders Capital、Thierry Gillier 和 LocalGlobe。,2018-06-28 18:52:12,未透露,http://36kr.com/p/5140763.html,36Kr,法国创企 Taster 获 400 万美元融资
斯洛文尼亚电器品牌Gorenj在监管文件中披露，海信获得其95.42%的股权。（彭博）,2018-06-28 18:46:45,未透露,,彭博,海信获得斯洛文尼亚电器品牌Gorenj95.42%的股权
清华紫光集团据悉就以25亿美元收购LINXENS进行商谈。（彭博）,2018-06-28 18:15:01,未透露,,彭博,清华紫光集团据悉就以25亿美元收购LINXENS进行商谈
调研公司CB Insights发布报告称，在过去的6年间，硅谷科技初创公司吸引了1400亿美元的风险资金，为全球吸引风险投资最多的城市。与此同时，北京和上海正在快速跟进，这两座城市的科技初创公司分别吸引了720亿美元和230亿美元的风险资金，总计950亿美元。北京、上海的独角兽数量分列全球第二和第四位。（华尔街见闻）,2018-06-28 07:18:06,未透露,https://wallstreetcn.com/articles/3347745,华尔街见闻,报告：硅谷科技创业中心地位被削弱 北京上海快速跟进
据了解，优信本次IPO每股发行价为9美元，加上同时发行的可转债，共募集资金4亿美元。（腾讯一线）,2018-06-27 21:56:40,IPO,http://tech.qq.com/a/20180627/033790.htm,腾讯一线,优信登陆纳斯达克 本次IPO共募集资金4亿美元
德勤报告数据显示，2018年上半年香港IPO数量达到全球首位。而港交所则预计截至6月30日，将有101只新股上市，同比增加49%，合计募资金额高达503亿港元。众多新经济类公司掀起赴港上市热潮，近期更是尤为密集。香港某中资券商分析师表示，港股IPO到2018年9-11月才会迎来真正的高峰。（证券时报）,2018-06-27 21:48:00,IPO,,证券时报,上半年香港IPO达101宗 数量全球第一
36氪讯，宋城演艺公告，公司全资子公司六间房拟与密境和风（花椒直播运营主体）进行重组，原六间房创始人兼首席执行官刘岩将出任新集团CEO。密境和风的全体股东拟以密境和风的100%股权，认购六间房新增注册资本，六间房整体估值34亿元，密境和风整体估值51亿元，与密境和风重组后的六间房将不再作为公司的并表子公司。交易完成后360系持近40%股权。,2018-06-27 20:23:59,未透露,http://disclosure.szse.cn/finalpage/2018-06-27/1205099619.PDF,36Kr,花椒与六间房合并：刘岩为首任总经理，360系持近40%股权
"36氪讯，东旭蓝天与北京融链科技有限公司签署协议，以1,500万元对融链科技增资并取得其20%股权。融链科技是国内领先的能源区块链技术服务商，具备硬件系统设计开发能力、解决方案集成和交付能力，其产品和服务已获得国家能源集团、国家电网公司、中国节能公司等企业的认可，并与华北电力大学、武汉大学等科研机构建立了产学研合作关系。",2018-06-27 20:11:55,未透露,http://disclosure.szse.cn/finalpage/2018-06-28/1205100070.PDF,36Kr,东旭蓝天：1500万元投资能源区块链公司融链科技
据美国IPO研究公司IPOBoutique.com网站公布的信息显示，优信将于当地时间周三在纳斯达克上市，以每股9.00美元的价格发行2500股ADS。（腾讯一线）,2018-06-27 19:42:49,IPO,http://tech.qq.com/a/20180627/031045.htm,腾讯一线,优信今晚在纳斯达克IPO，发行价为每股ADS 9美元
尽管6月27日是映客国际配售第一天，但据悉，映客的国际配售额度差不多已经被预购完了。一位希望可以参与映客国际配售的机构投资者表示，在此之前并不熟悉映客承销团的人，所以最近并没有获得配售的额度。（腾讯一线）,2018-06-27 16:08:33,未透露,https://finance.qq.com/a/20180627/025050.htm,腾讯一线,机构投资者大多看好映客在港上市，首日国际配售额度不愁卖
英国《金融时报》今日报道称，作为80亿美元全球基金的一部分，红杉资本(Sequoia Capital)日前完成了第一轮60亿美元的募资。报道称，红杉资本此举也是为了寻求更多火来力挑战愿景基金。分析人士称，拥有更多资金能让红杉资本进一步实施多元化投资战略，把注意力从此前的“初期和成长期”投资转向“IPO前”投资。,2018-06-26 21:39:09,未透露,https://tech.sina.com.cn/i/2018-06-26/doc-ihencxtu7146154.shtml,36Kr,红杉资本完成60亿美元募资，挑战软银愿景基金
痴呆症关怀基金Dementia Discovery Fund获AARP 6000万美元注资，这笔资金将用于研发治疗痴呆症及其潜在疾病的新药物。（猎云网）,2018-06-26 15:09:46,未透露,http://www.lieyunwang.com/archives/444503,猎云网,痴呆症关怀基金Dementia Discovery Fund获6000万美元注资
据外媒报道，美国顶级风险投资公司安德森-霍洛维茨周一宣布，已经为首只专门投资加密货币公司的基金募集3亿美元。在未来2到3年内，这只基金计划投资加密货币的各个领域，包括早期代币，以及比特币和以太坊等成熟网络。该基金持有这些投资的周期将达到10年。（腾讯）,2018-06-26 09:22:36,未透露,http://tech.qq.com/a/20180626/010856.htm,腾讯,顶级风投安德森霍洛维茨成立首支加密货币基金
36氪讯，百洋股份发布公告称，其全资子公司火星时代将以3.4亿元自有现金收购深圳市楷魔视觉80%股权，并公布了对赌细节。本次收购将主要用于帮助火星时代影视后期专业业务提升。同时，2018 年至 2020 年，楷魔视觉承诺2018 年净利润不低于 3600 万元。,2018-06-25 21:52:55,未透露,http://disclosure.szse.cn/finalpage/2018-06-26/1205089975.PDF,36Kr,火星时代3.4亿元收购影视后期公司“楷魔视觉”
近日，银杏教育向港交所提交了招股书，其2015年至2017年的收益分别为1.21亿元、1.34亿元、1.39亿元，2018年Q1为0.31亿元。银杏教育是一家高等教育服务供应商，侧重于中国酒店行业专业人才培养。银杏教育的所有收入均来自银杏学院，主要营收来自收取的学费及住宿费。（投资界）,2018-06-25 18:59:21,IPO,http://pe.pedaily.cn/201806/432827.shtml,投资界,银杏教育冲刺IPO
“公募一哥”任泽松将卸任中邮创业基金基金经理一职。任泽松作为80后“公募一哥”2013年受到投资界瞩目，取得很大成功，近两年接连“踩雷”乐视网、尔康制药、宣亚国际，饱受争议。（新浪财经）,2018-06-25 17:27:49,未透露,http://finance.sina.com.cn/money/fund/jjzl/2018-06-25/doc-ihencxtt8795267.shtml,新浪财经,“公募一哥”任泽松将卸任中邮基金经理
三名知情人士透露，数字支付网络Visa将向印度孟买的支付网关公司BillDesk投资2.5亿美元，此轮融资给出的估值大约在15亿到20亿美元之间。知情人士称，之前，BillDesk曾寻求战略出售，但最后还是决定选择进行融资。据称，这轮融资包括一级和次级交易。（新浪）,2018-06-25 14:25:43,未透露,http://finance.sina.com.cn/stock/usstock/c/2018-06-25/doc-iheirxyf6403397.shtml,新浪,Visa拟投资印度支付公司BillDesk 2.5亿美元
今日，飞鱼集团旗下德尔玛电器正式宣布完成5亿人民币融资，由中信产业基金投资。据悉，完成本轮融资之后，德尔玛电器将加快在品牌营销、产品研发和国际化发展等方面的布局，于加大在产品研发、品牌塑造方面的基础投入。（亿邦动力）,2018-06-25 11:59:24,未透露,http://www.ebrun.com/20180625/283485.shtml,亿邦动力,德尔玛电器获中信产业基金5亿战略投资
本周美股市场将迎来自2015年6月来IPO最密集的一周，12家企业计划在本周内上市。其中，中国的优信二手车估值排名第三，为4.75亿美元。（证券时报）,2018-06-25 07:43:47,IPO,http://kuaixun.stcn.com/2018/0625/14339688.shtml,证券时报,美股迎3年来最密集“超级IPO周”
香港某私募人士表示：港股“独角兽”企业破发算是意料之中。在香港市场，国际机构投资者占据主导，他们看重的是真实业绩，对某些拥有庞大用户和广阔市场前景，但当下不能实现利润的公司，大都不愿出手。（中证报）,2018-06-25 07:09:00,未透露,http://stock.qq.com/a/20180625/002006.htm?stockcode=sz300750&version=2,中证报,港股“独角兽”遭遇破发窘境
根据全国中小企业股份转让系统（新三板）披露数据显示，自今年1月15日新三板实施交易制度、市场分层等新政策以来，新三板累计成交金额达410.40亿元。截至22日新三板挂牌公司共11261家。 （新华社）,2018-06-24 14:09:22,未透露,http://www.xinhuanet.com/2018-06/24/c_1123027501.htm,36Kr,今年以来新三板累计成交金额突破400亿元
6月22日，保险行业协会披露的公告显示，中国太平洋人寿保险股份有限公司将对蚂蚁金服进行股权投资，投资金额约16亿元。,2018-06-23 09:36:32,未透露,http://tech.qq.com/a/20180622/043298.htm,36Kr,保险巨头太平洋人寿宣布16亿元投资蚂蚁金服
截至本周最后一个工作日，六家公募的六只战略配售基金均未拿到象征着基金成立最后一步的备案函。一位知情人士表示，6月19日小米发声明暂缓CDR发行之后，监管对这六家公募口头指示，基金备案函“不着急，慢慢来”，据其推测，根据以往基金成立流程，六只基金拿到备案函最快也要到下一周。（腾讯一线）,2018-06-22 18:18:57,未透露,https://finance.qq.com/a/20180622/038224.htm,腾讯一线,六只CDR基金仍未获备案函，最快下周可成立
36氪讯，快乐购公告称，收到证监会核发的《关于核准快乐购物股份有限公司向芒果传媒有限公司等发行股份购买资产并募集配套资金的批复》，公司重大资产重组正式获批通过，湖南广电旗下快乐阳光、芒果互娱、天娱传媒、芒果影视和芒果娱乐五家公司整体作价115亿打包注入快乐购。,2018-06-21 21:08:37,未透露,http://disclosure.szse.cn/finalpage/2018-06-22/1205080903.PDF,36Kr,快乐购重大资产重组正式获批：芒果TV等作价115亿注入
云计算领域公链Ankr于近日获得了来自J Lab、丹华资本、Pantera、NEO Global Capital、OK资本、BlockVC、LinkVC等机构的1500万美元的融资。Ankr创始人宋云帆透露，融资将用于产品的开发和用户的推广，接下来将有一轮公募，但数额不大。（星球日报）,2018-06-21 20:12:19,未透露,http://36kr.com/p/5139823.html,星球日报,云计算领域公链Ankr获千万美元融资
36氪获悉，雄岸基金已敲定投资“车享链”，投资规模为数千万美元。知情人士称，在“车享链”此次融资中，雄岸基金为领投方，将联合国内顶级机构共同投资。,2018-06-21 19:34:46,未透露,http://36kr.com/p/5139800.html,36Kr,雄岸基金将豪掷数千万美元投资“车享链”
兴业基金自2018年6月27日起，单个投资者在单个基金销售渠道持有的单只货币市场基金单日T+0快速赎回提现金额上限调整为1万元（含本数）。另外，华夏基金自2018年6月28日起，现金增利（活期通）、财富宝、薪金宝快速取现额度调整为：每人每个自然日对每只基金的快速取现最高不超过1万元。（和讯）,2018-06-21 18:41:12,未透露,http://funds.hexun.com/2018-06-21/193247072.html,和讯,货基集体调整T+0快赎业务：万元上限封顶，有的规定一天不超过5笔
21世纪福克斯在一份最新的声明中表示，迪士尼提出的收购条件，要优于通讯巨头康卡斯特在月初的收购要约。华尔街预期，康卡斯特将会提高自己的筹码。迪士尼于20日将收购21世纪福克斯旗下电影及电视资产的出价一举拉高至713亿美元。迪士尼的现金加股票收购方案也高于康卡斯特方案9%。UBS分析师John Hodulik预计，康卡斯特将会提出更高加码竞购。(腾讯一线),2018-06-21 18:26:39,未透露,https://finance.qq.com/a/20180621/040136.htm,36Kr,华尔街预计康卡斯特将提高报价竞购福克斯
多个独立信源向媒体确认，此前获得多轮融资的跨境母婴电商蜜芽正在筹备香港上市。此前，也有消息源表示，蜜芽正筹备美国上市。蜜芽高管否认了筹备上市的说法，该公司创始人兼首席执行官刘楠说，“暂时没有计划。”（腾讯一线）,2018-06-21 18:18:56,未透露,https://finance.qq.com/a/20180621/039816.htm,36Kr,消息人士称跨境母婴电商蜜芽筹备香港上市，创始人否认
智能垃圾分类回收公司“小黄狗”称，该公司获得了中植集团10.5亿元人民币投资，并借由老股转让，获得了一家上市地产公司1.8亿元追加投资。小黄狗表示，其估值已达到60亿元人民币。新募集的资金将主要用于全国范围内垃圾回收设备的投放。（腾讯一线）,2018-06-21 18:05:20,未透露,https://finance.qq.com/a/20180621/039357.htm,腾讯一线,智能垃圾回收商小黄狗融资12.3亿人民币
36氪讯，招商局中国基金公告称，公司的全资附属深圳市天正投资有限公司签订了日期为2018年6月5日并关于北京中科寒武纪科技有限公司的相关协议，据此，天正通过一家合夥企业间接参与了寒武纪的增资，并出资近4000万元人民币，实益拥有寒武纪增资后约0.246%股权。,2018-06-21 17:03:09,未透露,http://doc.irasia.com/listco/hk/cmcdi/announcement/a196629-c_cmcdi_announcement_21_6_2018final.pdf,36Kr,招商局子公司向寒武纪投资4000万元人民币
李小加今日表示，小米暂停CDR，认为这是小米的选择，形容在港上市及同时发行CDR，是很复杂的事情，对小米而言或是挑战，估计小米是与内地监管部门讨论后觉得风险大而决定推迟。对于证监会警告新经济公司或涉高估值泡沫，李小加称，有关估值是公司与投资者间的协议。在香港市场，港交所不会干涉，亦难以干涉。（经济通）,2018-06-21 15:26:01,未透露,http://finance.sina.com.cn/stock/hkstock/hkstocknews/2018-06-21/doc-ihefphqk9681441.shtml,经济通,李小加：小米停CDR或因风险大，不干预新经济公司估值
多伦多证券交易所（TSX）今日将推出新型区块链交易所交易基金（ETF）。（彭博）,2018-06-21 12:14:44,未透露,,彭博,多伦多证交所今日将推出新型区块链交易所ETF
百福控股日前发布公告显示，该公司全资附属公司喜年控股喜年控股与北京新辣道公司订立购股协议，第一期拟以6.96亿元收购新辣道72%股权，第二期拟购买新辣道余下股东的15%股权，第二期购买价上限应为3.3亿元。交易金额合计将超过10亿元。（界面）,2018-06-21 09:44:35,未透露,http://www.jiemian.com/article/2246846.html,界面,百福控股收购新辣道
易凯资本CEO王冉称，最近听到很多有良好过往投资业绩的知名基金，募资也遇到了困难。与去年同期相比，判断今年下半年流入一级市场的资金将会出现断崖式下跌，至少减少50-60%，甚至可能减少70%-80%。受其影响，预计中国一级市场的估值水平半年内会普降30%，个别之前泡沫比较严重的领域甚至可能会下降50%以上。（易凯资本）,2018-06-21 07:52:46,未透露,https://mp.weixin.qq.com/s/BsWd9R6gT8vV6nC1zvX3bg,易凯资本,易凯资本CEO王冉：增量资金断崖式下跌，一级市场估值调整在即
36氪今日获悉，中国民生银行股份有限公司与花样年集团（中国）有限公司举行了战略合作签约仪式，据悉本次战略合作规模将达人民币150亿元。在双方战略合作中，民生银行将为花样年集团及其控股公司提供综合金融服务和支持。,2018-06-20 21:10:31,未透露,http://36kr.com/p/5139636.html,36Kr,民生银行与花样年战略签约
六只专门为新经济企业上市“定制”发行的战略配售基金本周二（19日）已经完成对机构的募集，目前正在最后的验资和备案阶段，将有望在三至七天内正式公告成立。（财新）,2018-06-20 16:53:09,未透露,http://finance.caixin.com/2018-06-20/101273434.html,财新,“独角兽基金”三至七个工作日有望成立
最新消息显示，多家基金公司近日再做出调整中兴通讯A股估值的公告，工银瑞信、华泰柏瑞、中银、平安大华等8家基金公司发布公告，自6月19日起，对旗下基金（除ETF基金外）所持有的中兴通讯股票进行重新估值，其中最低的为12.02元，整体估值在16.64-12.02元之间。（证券时报）,2018-06-20 16:01:21,未透露,http://tech.sina.com.cn/it/2018-06-20/doc-ihefphqk2517530.shtml,证券时报,多家基金公司再次下调中兴通讯A股估值，最低为12.02元
新华网发文称：从近期A股市场的环境来看，为了更有质量的CDR首发试点发行，小米暂缓CDR审核后续择机再行启动也不失为一种良择。政策红利信息不断强化小米或成为CDR首股的乐观预期，但是这绝不意味着市场对独角兽的青睐会为以小米为代表的独角兽企业特事特办，相反市场对于作为A股创新产物的CDR的高关注度令证监会必须以严姿态做表率。,2018-06-20 15:36:26,未透露,http://www.xinhuanet.com/finance/2018-06/20/c_129897476.htm,36Kr,新华网：小米过会为何临阵推迟，缓一步的CDR或将更美好
6月20日，招商基金、嘉实基金等六家战略配售基金产品正式成立，募资最高的一家基金不到三百亿，距离产品规模上限500亿仍有不小距离。但都超过了产品规模的下限50亿元。“个人投资者占比大多数，机构投资者不太热情。”比如社保基金可以直接参与战略配售，不用借道CDR基金。（腾讯）,2018-06-20 15:08:49,未透露,https://finance.qq.com/a/20180620/029969.htm,腾讯,CDR基金个人投资者占比较高，最高一家募资不到三百亿
Sea宣布完成其募集5.75亿美元可转债，并且将发行规模从最初的4亿美元提高到5亿美元，初始购买者可行使15%的“greenshoe”期权使总发行规模达到5.75亿美元。此次新的融资将支持Sea的业务扩张及其他一般企业用途，包括持续扩大Sea公司旗下快速增长的电子商务平台Shopee。（亿邦动力网）,2018-06-20 12:42:22,未透露,http://www.ebrun.com/20180620/282798.shtml?eb=com_chan_lcol_fylb,亿邦动力网,Shopee母公司Sea完成5.75亿美元可转债募集
中国银河6月20日在互动平台表示，考虑到一些股票具有较大的风险（如乐视网），目前公司已将其调出担保证券范围。（中证网）,2018-06-20 12:42:07,未透露,,中证网,中国银河：已将乐视网调出担保证券范围
据凯捷咨询周二发布的报告，亚太地区富人的资产增长约15%，达21.6万亿美元。报告对富人的定义是拥有至少10亿美元可投资资产，其中中国和日本是富豪最多的国家。报告称经济加速增长和股市上涨使全球财富总额创下70.2万亿美元纪录高位，预计全球富人总财富将在2025年前达到100万亿美元。（新浪）,2018-06-20 09:20:30,未透露,http://finance.sina.com.cn/stock/usstock/c/2018-06-20/doc-iheauxwa0255489.shtml,新浪,报告：亚洲富豪财富增值速度世界最快
面对股市暴跌，四大证券报头版头条声援股市，上海证券报表示，情绪宣泄过后，投资者也应理性看待市场的起落涨跌，客观认知影响市场运行的短期因素和长期因素。（新浪）,2018-06-20 07:20:41,未透露,http://finance.sina.com.cn/stock/marketresearch/2018-06-20/doc-iheauxvz9872884.shtml,新浪,四大证券报头版头条声援股市：要冷静 当下估值并不高
从消息人士处获悉，战略配售基金封闭三年运作，短期单一公司上市节奏变化不会对产品产生巨大影响，基金不是仅投资CDR，还投资新经济创新型企业的IPO等，只要战略配售的都可以参与。基金业内人士透露，“目前相关工作正在进行中，相信随着19日结束募集，最快本周就会有基金公司公告战略配售基金成立。”（澎湃）,2018-06-19 16:49:31,未透露,https://www.thepaper.cn/newsDetail_forward_2203824,36Kr,小米CDR推迟将影响战略配售基金发行？本周有望公告成立
36氪讯，沪指跌破2900点，跌4%，创近两年盘中新低；深成指跌超5%，创业板跌约6%。两市有逾1000只个股跌停。,2018-06-19 14:39:16,未透露,,36Kr,沪指跌破2900点，创近两年盘中新低
36氪讯，创业板午后大跌超5%，创2015年1月以来新低，两市近400只跌停，跌幅超9%个股逼近800只。,2018-06-19 14:06:26,未透露,,36Kr,创业板午后大跌超5%，两市跌幅超9%个股近800只
36氪讯，A股掀起跌停潮，创业板跌幅扩大至4.7%，沪指跌3.1%，深成指跌4.1%，两市跌停个股近300只。,2018-06-19 13:50:00,未透露,,36Kr,创业板跌幅扩大至4.7%，沪深两市跌停个股近300只
36氪讯，创业板午后跌破1571点，大跌4%，创2015年1月以来新低。,2018-06-19 13:21:39,未透露,,36Kr,创业板大跌4%，创2015年1月以来新低
在线调查公司SurveyMonkey宣布已经递交了上市所需的文件，具体细节未披露。SurveyMonkey能帮助企业向客户进行调查，更加无缝地搜集产品、客户服务的反馈。（猎云）,2018-06-19 11:48:22,未透露,http://www.lieyunwang.com/archives/444205,猎云,SurveyMonkey秘密递交上市文件
波场孙宇晨已于上周完成了以1.4亿美元的价格对BitTorrent的收购。此前有传言称，两家公司正进行至少一个月的谈判。BitTorrent公司是早期的推动者，致力于围绕分散的计算架构建立业务，以分发和存储数据。（techcrunch）,2018-06-19 10:41:38,未透露,https://techcrunch.com/2018/06/18/bittorrent-tron/,techcrunch,波场创始人孙宇晨以1.4亿美元收购BitTorrent
沪指开盘跌1.3%，失守3000点关口小米CDR概念开盘大跌，奥士康、京泉华、宇环数控、同益股份集体跌停，普路通、安洁科技、歌尔股份大幅下挫，消息面上，小米推迟CDR发行申请。（华尔街见闻）,2018-06-19 09:29:38,未透露,,华尔街见闻,沪指开盘跌1.3%，失守3000点关口
36氪讯，香港恒生指数低开1%，失守三万点关口，报29999.01点。中兴通讯H股开盘跌近13%，复牌以来累计跌幅超50%。,2018-06-19 09:26:38,未透露,,36Kr,香港恒生指数低开1%，失守三万点关口
数字支付公司Square表示，已收到美国纽约州监管机构授予的交易许可证BitLicense。（中国证券网）,2018-06-19 08:28:46,未透露,"http://news.cnstock.com/news,bwkx-201806-4235478.htm",中国证券网,Square获官方数字交易许可
根据过往经验，一旦最优惠利率和同业拆借利率的息差收窄至0.3%以下，银行便有加息（上调最优惠利率）的压力，目前两者息差是0.34%。如果美联储9月再加息，到时候大银行可能就要加息，也就意味着香港真正进入加息通道。（经济参考报）,2018-06-19 07:08:19,未透露,http://dz.jjckb.cn/www/pages/webpage2009/html/2018-06/19/content_44415.htm,经济参考报,香港资金盛宴接近尾声
从深圳市政府获悉，2017年深圳与“一带一路”沿线国家和地区贸易额达到885亿美元，同比增长19.3%。深圳参与“一带一路”建设有几个特点：一是以龙头企业为先锋，包括华为、招商集团等；二是以创新企业为主体；三是以市场需求为导向，深圳企业根据当地消费市场的实际需要开发产品，以传音科技为例，2017年在非洲的手机出货量超过4000万台。（新华网）,2018-06-17 18:07:05,未透露,http://www.xinhuanet.com/2018-06/17/c_1122998154.htm,新华网,2017年深圳与“一带一路”沿线国家和地区贸易额达885亿美元
据外媒报道，消息人士周五透露，媒体大亨鲁伯特-默多克与21世纪福克斯的董事会将在下周举行会议，商讨是否接受康卡斯特650亿美元对公司娱乐资产的报价。,2018-06-17 10:24:31,未透露,http://tech.qq.com/a/20180617/008480.htm,36Kr,传21世纪福克斯下周决定是否接受康卡斯特650亿美元收购要约
36氪讯，合金投资发布公告，与真为基金共同签署《关于合作设立文旅产业基金之框架协议》，参与发起设立文旅产业基金。该基金总规模暂定10亿元人民币。新基金将围绕着合金投资拟开展的文旅业务相关领域，专注于文化旅游产业相关领域，以及产业链上下游整合投资机会。,2018-06-15 21:08:16,未透露,http://disclosure.szse.cn/finalpage/2018-06-16/1205062739.PDF,36Kr,合金投资联手真为基金发起设立文旅产业基金
36氪讯，新南洋发布公告，拟出资4900万元，与蓝海国投、嘉兴竑学共同发起设立教育产业并购基金。基金总规模1亿元，主要用于投资国内教育培训、教育科技等相关行业，加快公司对优质教育资源的布局与整合。,2018-06-15 21:03:54,未透露,http://static.sse.com.cn/disclosure/listedinfo/announcement/c/2018-06-16/600661_20180616_2.pdf,36Kr,新南洋联合蓝海国投、汇竑资本发起教育产业并购基金
证监会推进创新企业试点IPO及发行CDR的过程中，选取了10家证券公司作为创新企业境内发行上市的主保荐机构，其他券商可按规定与这10家证券公司进行联合保荐或联合主承销。分别是：中信建投、国泰君安、中金公司、招商证券、中信证券、申万宏源承销保荐、广发证券、海通证券、银河证券，华泰联合证券。（中国证券网）,2018-06-15 19:50:33,未透露,"http://news.cnstock.com/news,bwkx-201806-4235204.htm",中国证券网,十家券商被确定为创新企业试点的主保荐机构
36氪讯，第三方支付公司汇付天下在港交所正式挂牌交易，发行2.25亿股，募资大约16亿港元，募资资金将用于进一步增强公司的技术系统及研发能力、进行选择性收购或战略投资。汇付天下创立于2006年，向小微商户和垂直行业提供全面的支付服务及解决方案。,2018-06-15 18:16:42,未透露,https://mp.weixin.qq.com/s/YNnVm6cuAvuwe1bCShNmEA,36Kr,汇付天下正式登陆港交所，募资大约16亿港元
据消息人士透露，中国知名私募基金管理人基岩资本于近日向美国证券交易委员会公开递交招股说明书，计划登陆纳斯达克主板市场， IPO拟募集资金近5亿元。作为首家登陆美国资本市场的中国私募股权基金管理公司，基岩资本引起美国各大投行及投资者的高度关注。（新浪）,2018-06-15 17:29:38,未透露,http://finance.sina.com.cn/money/fund/jjyj/2018-06-15/doc-ihcyszrz8434158.shtml,新浪,基岩资本递交上市资料，或成国内首家在美上市私募
36氪获悉，美国著名天使基金TEEC Angel Fund创始合伙人张于庆宣布基金更名为“TSVC清谷资本”，同时并购大师Spencer宣布正式加入清谷资本，未来，Spencer将与清谷资本紧密合作，帮助其完成更多的收购工作。,2018-06-15 08:34:23,未透露,,36Kr,美国著名天使基金TEEC Angel Fund更名为“TSVC清谷资本”
小米6月25日招股，香港11家券商已为小米IPO准备了合计约1550亿港元的保证金贷款。（香港经济日报）,2018-06-15 07:36:29,未透露,,香港经济日报,港媒：小米6月25日招股，券商已准备1550亿港元保证金贷款
截至6月14日，6只角兽基金的总销量或已突破700亿元，其中个别基金规模或超过200亿。渠道方面，券商在此次独角兽基金的销售中发挥了不小作用，但银行仍然是销售头牌，但不同银行之间的销量也有明显分化。除招行外，建行、中行等在营销独角兽基金方面也较为积极，而同时代销了三只独角兽基金的工行则稍显动力不足。（21）,2018-06-15 06:59:05,未透露,http://epaper.21jingji.com/html/2018-06/15/content_88287.htm,21,独角兽基金募资或超700亿，银行渠道销量分化
科通芯城CEO康敬伟表示，港股是挺不错的平台，目前没有回A股上市计划；公司未来将是独角兽培养营地，特别是芯片行业一定会出现独角兽，这样一批企业未来会来A股上市。据透露，旗下硬蛋孵化的机器人公司易造在筹划上市，具体上市地将由其管理层决定。去年遭遇做空后，公司现金流危局情况已改进很多。（证券时报）,2018-06-14 20:19:46,未透露,http://kuaixun.stcn.com/2018/0614/14321429.shtml,证券时报,科通芯城：平台培养的独角兽未来会来A股上市
浑水机构发言人回应称，“早在一年前，浑水就开始研究好未来教育集团以及致力于整理这份研报。”浑水方面表示，为了这份研报，他们投入了超过1000个小时的研究，调查员曾实地走访好未来的教育中心，并曾与超过50位知情人士有过交流。（每日经济新闻）,2018-06-14 13:12:38,未透露,http://www.nbd.com.cn/articles/2018-06-14/1226017.html,每日经济新闻,浑水回应做空好未来：已准备了一年，并与超50位知情人士交流
据星球日报报道，布式预测平台“预言家Prophet”获公信宝、了得资本、公信资本、分布式资本创始人沈波等数千万元机构轮融资。此轮融资的引入，将主要用于团队扩张、技术开发及海外市场拓展。,2018-06-14 08:12:48,未透露,http://36kr.com/p/5138717.html,36Kr,分布式预测平台“Prophet”获公信宝、了得资本等数千万元融资
儿童教育节目《芝麻街》制作方芝麻街工作室与芝麻街风险投资公司合作，以2800万美元共同投资了一家名为Kano的公司，目的是帮助Kano扩展其产品线。Kano公司主要为儿童提供DIY编程工具包，该公司CEO Alex Klein表示，资金将被用于把产品扩展到区块链领域。（cryptovest）,2018-06-13 17:33:12,未透露,https://cryptovest.com/news/sesame-street-makes-moves-to-help-kids-learn-about-blockchain/,cryptovest,芝麻街投资区块链项目，要让儿童学习区块链编程
36氪讯，海澜之家公告，获中国证监会核准发行30亿元可转换公司债券，期限6年。,2018-06-13 16:47:44,未透露,http://static.sse.com.cn/disclosure/listedinfo/announcement/c/2018-06-14/600398_20180614_1.pdf,36Kr,海澜之家发行30亿元可转换公司债券
山西省国资委消息，6月12日，山西两大混改试点国企山西建设投资集团和山西汾酒集团就汾酒商务中心项目转让进行签约，届时将由山西建设投资集团对汾酒文化商务中心项目谋划经营，推进项目进程。此次签约转让，是汾酒集团实现整体上市、针对非主营业务剥离的重要举措。（证券时报）,2018-06-13 15:40:40,未透露,http://www.egsea.com/index.php?app=Company&mod=Info&act=news&id=251531,证券时报,汾酒集团剥离汾酒商务中心，推进整体上市
36氪讯，工业富联今日打开一字板，截至午间休市，成交额超116.4亿元，占到沪市成交额896.1亿元的八分之一左右。,2018-06-13 12:47:54,未透露,,36Kr,工业富联开板半天吸金成交116亿，占沪市成交八分之一
牛津创企Metaboards近日完成了500万美元融资，领投方为Oxford Sciences Innovation（OSI），参投方包括RT Capital Management和Woodford Investment Management。这家发展中的公司将利用这笔资金来扩大团队，从而将其专利性的“超材料”无线充电技术带到市场里。（猎云网）,2018-06-13 07:43:04,未透露,http://www.lieyunwang.com/archives/443978,猎云网,牛津创企Metaboards获500万美元融资
36氪讯，小康股份晚间公告透露，公司拟对金康新能源增资30亿元。增资后，金康新能源的注册资本从10亿元增至40亿元，仍为公司全资子公司。公司计划使用可转债募集资金4.23亿元、自有资金25.77亿元，分别用于纯电动乘用车建设项目、发展新能源汽车相关业务。,2018-06-12 19:13:27,未透露,http://static.sse.com.cn/disclosure/listedinfo/announcement/c/2018-06-13/601127_20180613_8.pdf,36Kr,小康股份：拟30亿元增资旗下新能源汽车项目
6月12日，人民银行副行长陈雨露在“绿色金融改革创新试验区建设座谈会”上表示，在试验区实践基础上，人民银行正在牵头制定银行业存款类金融机构绿色信贷业绩评价方案，近期即将发布并试点。（中国证券网）,2018-06-12 18:48:47,未透露,"http://news.cnstock.com/news,bwkx-201806-4233480.htm",中国证券网,央行陈雨露：近期将试点绿色信贷业绩评价，结果纳入MPA考核
大数据分析公司Splunk宣布将以1.2亿美元的价格收购创业公司VictorOps。Splunk是一家B2B数据分析公司，可以监测企业计算机产生的数据，帮助企业对数据日志进行管理。Splunk公司表示VictorOps擅长事件管理和预警，两家公司联合可以产出一个智能平台，帮助开发团队快速创新，为用户提供优质体验。（techcrunch）,2018-06-12 18:16:34,未透露,https://techcrunch.com/2018/06/11/splunk-nabs-on-call-management-startup-victorops-for-120-m/,techcrunch,大数据分析公司Splunk收购VictorOps，为运维团队提供智能解决方案
《2018中国私募股权投资发展报告》12日在北京清华大学发布。报告指出，中国私募股权投资市场已成为全球仅次于美国的最重要市场。大陆企业海外并购回归理性，中国大陆企业出境投资方向从被动性资产和炫耀性资产转移至战略性投资，高科技、工业和消费依旧是海外投资最活跃的领域。（财联社）,2018-06-12 17:45:45,未透露,,财联社,报告：中国私募股权投资市场仅次于美国
发改委与建设银行将建立战略合作机制，以支持战略性新兴产业发展壮大为目标，共同发起设立国家级战略性新兴产业发展基金，目标规模约3000亿元。基金具体将投向新一代信息技术、高端装备、新材料、生物、新能源汽车、新能源、节能环保和数字创意等战略性新兴产业领域。（财联社）,2018-06-12 15:32:30,未透露,,财联社,发改委与建行共同发起设立3000亿元战略性新兴产业发展基金
针对市场传言称华夏战略配售基金受关联交易限制，无法参与控股股东承销的股票和CDR的战略配售，华夏基金表示，这一传言不实。华夏战略配售基金可以参与控股股东等关联方承销的股票和CDR的战略配售。（腾讯）,2018-06-12 14:10:24,未透露,https://finance.qq.com/a/20180612/035545.htm,腾讯,华夏基金：战略配售基金可参与承销股票和CDR战略配售
近日，证监会发行部通知立信、瑞华、大华等多家会计事务所暂停申报IPO材料。“但暂时不影响在审项目，新申报项目要停止。”此前上述多家会计事务所已经被暂停再融资业务。（腾讯）,2018-06-12 11:01:26,IPO,https://finance.qq.com/a/20180612/028441.htm,腾讯,多家会计事务所被暂停IPO和再融资业务申报
瑞银证券称，百度、阿里巴巴、腾讯、京东和网易等五家有资格参与CDR试点的企业再融资规模最高可达600亿美元。CDR对A股短期造成面临流动性压力，但鉴于六支战略配售基金于本周推出，流动性压力不会太大。瑞银报告称，高品质的增长股在推出CDR后很可能受境内投资者的热捧，创业板中部分估值过高但增长缓慢的个股或面临抛压。（彭博）,2018-06-12 09:26:08,未透露,,彭博,瑞银：百度等五支CDR试点融资规模或达600亿美元
高盛预计中国CDR发行总规模可能达到7000亿美元，首支CDR可能在第三季度上市。其中腾讯、阿里、百度、京东、网易CDR规模在600亿美元左右。（彭博）,2018-06-12 09:03:47,未透露,,彭博,高盛预计中国CDR发行总规模可能达到7000亿美元
近日，美国新一代人工智能公司Insilico Medicine宣布完成由药明康德风险投资基金领投的新一轮战略融资。本轮战略投资建立在Insilico Medicine基于生成对抗网络和强化学习等人工智能技术开发的药物发现流程成功获得实验验证的基础上，并旨在将Insilico Medicine的先进的人工智能技术与药明康德强大的实验能力紧密结合。（财联社）,2018-06-12 08:56:37,未透露,,财联社,药明康德领投Insilico Medicine战略融资
从首日销售来看，有业内消息称招行渠道上午整体销售80亿元，券商机构中广发、华泰、中信上午也卖了超过10亿，还有消息称一家基金公司旗下战略配售基金首日销售超100亿，另有一家基金公司首日销售破50亿元，预计昨日6只基金整体销售量约为300亿元。（证券时报）,2018-06-12 07:05:54,未透露,http://www.egsea.com/index.php?app=Company&mod=Info&act=news&id=250385,证券时报,战略配售基金首日发行良好，整体销量约300亿
近日，中国电信发布消息，在资本市场进行了全面布局，已确立资本投资体系。目前，中国电信已形成了股权直投与市场化基金投资相结合的体系，形成了三家股权直投公司，分别是中国电信集团投资有限公司、天翼资本控股有限公司、天翼创业投资公司，由此实现资本运营的公司化运作。（中国通信网）,2018-06-11 20:38:41,未透露,,中国通信网,中国电信确立资本投资体系 形成三家股权直投公司
中国证券投资基金业协会会长洪磊表示，截至2018年一季度末，私募基金累计投资于未上市未挂牌企业股权、新三板企业股权和上市公司再融资未流通项目8.56万个，形成资本金4.72万亿元，较2017年末增加6100亿元。（新华社）,2018-06-11 17:53:25,未透露,,新华社,截至今年一季度末私募形成资本金4.72万亿元
上海银监局11日发布《2017年上海科技金融发展报告》称，截至2017年末，该局辖内科技型企业贷款余额首次突破2000亿元大关，达到2071.27亿元，较年初增长38.05%，高于辖内整体贷款增长率25个百分点。（中新网）,2018-06-11 17:40:39,未透露,http://finance.chinanews.com/cj/2018/06-11/8535367.shtml,中新网,上海科技型企业贷款余额首破2000亿
从渠道反馈的消息来看，投资者对6只“独角兽”基金极为热情。多位渠道人士称，今日上午选择一口气花300万同时顶额申购6只基金的投资者大有人在。截至6月11日上午，6只“独角兽”基金中销售最为火爆的一只基金已经卖出了接近100亿，其中银行是其最主要销售渠道。（21世纪经济报道）,2018-06-11 15:29:03,未透露,,21世纪经济报道,“独角兽”基金火爆开售：有基金上午卖出近100亿
6月11日 南方、华夏等6只战略配售基金开始发售，据悉南方基金高管集体顶格认购160142，包括董事长、总经理、分管权益、固收的副总经理。大量员工认购。根据独角兽基金万人调查显示，44%的用户愿意购买独角兽基金，其中6只基金中，南方战略配售基金最受欢迎。（新浪财经）,2018-06-11 11:56:14,未透露,http://finance.sina.com.cn/money/fund/jjzl/2018-06-11/doc-ihcufqif8214250.shtml?code=0119KcQ92HuIlR0SimR92megQ929KcQn&state=,新浪财经,南方基金高管集体顶格认购战略配售基金
36氪获悉，猩便利获得了蚂蚁金服的战略投资，光速中国、红杉资本、华兴资本、元璟资本等其余老股东跟投，对于本轮融资的具体金额暂不做透露，但团队同时否认了“蚂蚁金服控股猩便利”这一说法。猩便利方面透露，此次获得的战略投资资金，将用于新型智能设备“猩+”的生产和推广，以及后续进一步的平台、技术开发投入。,2018-06-11 09:35:54,未透露,http://36kr.com/p/5138134.html,36Kr,“猩便利”获蚂蚁金服战略投资，将布局智能无人货柜
"据美通社消息，药明生物今日宣布计划投资6,000万美元（约合3.8亿人民币），在美国马萨诸塞州伍斯特市新建现代化生物制药临床样品和商业化生产基地。这是药明生物在全球范围布局的第11个生产基地，也是其首次在美国新建生产基地，成为继爱尔兰、新加坡后投资建设的第三个海外生产基地。",2018-06-11 08:56:13,未透露,https://www.prnasia.com/story/213488-1.shtml,36Kr,药明生物宣布投资6000万美元，首次在美国布局生物制药生产基地
证券时报发文称，小米递交CDR试点的申请引发了悲观者对于CDR扩容的担忧，同时，中国人保等“大块头”过会又让市场本能地恐惧“抽血”压力，这些担忧让部分投资者成了惊弓之鸟，干扰了资本市场的平稳运行。实际上，监管层多次表态，会考虑市场承受力推进新股发行和CDR试点，目的就是为了给市场保驾护航，通过严格发行审核严把质量关，用融资政策提升股票市场效率的同时，保护好投资者尤其是中小投资者的权益。,2018-06-09 09:32:11,未透露,http://www.stcn.com/2018/0609/14307460.shtml,36Kr,证券时报：CDR不是洪水猛兽，不必过度焦虑和恐慌
Podium是一家为企业提供用户评价管理工具的公司，它刚刚宣布完成了6000万美元的融资。本轮由IVP领投，现有投资者Accel、谷歌风投和Y Combinator跟投。融资将用来雇用更多的工程师、扩大英国在内的国际市场，以及获得更多的企业客户。,2018-06-08 19:44:27,未透露,http://36kr.com/p/5137895.html,36Kr,将用户评价管理化繁为简，Podium获IVP领投的6000万美元融资
据外媒报道，高档口粮品牌Nulo Pet Food 近日已经完成了一笔战略融资，投资方为 Main Post Partners，这笔融资主要用于研发新产品。,2018-06-08 15:46:02,未透露,http://36kr.com/p/5137864.html,36Kr,高档口粮品牌 Nulo Pet Food 获战略融资
36氪讯，ONO创始人徐可今日与雄岸基金代表杨琼琼、韩国最大的风投机构KIP投资副总裁崔虎，共同签约总额千万美金A轮融资。徐可透露，融资资金将主要应用于ONO生态建设、ONO DAPP产品技术能力升级及国际版上线后全球化战略启动等领域。,2018-06-08 11:43:53,A轮,,36Kr,区块链公司ONO完成千万美元A轮融资，雄岸资本、韩国风投公司KIP参投
三垒股份近日披露了公司重大资产购买预案，公告称，三垒股份拟通过新设立的一家控股子公司，作价33亿元，收购北京美杰姆教育科技股份有限公司100%股权。美杰姆定位于国内早教培训领域，据悉，此举交易完成后，三垒股份将注入早期教育培训资产，进一步完善公司在教育行业的布局。（亿欧）,2018-06-08 11:28:58,未透露,https://www.iyiou.com/breaking/16452,亿欧,三垒股份拟33亿收购美杰姆，注入早期教育培训资产
华泰策略表示，试点创新企业上市正式拉开帷幕，随着阿里巴巴等公司回归，有望为A股提供估值锚，短期内或对高估值成长股形成一定压力，高估值成长股或面临估值下修。中长期看，独角兽上市及CDR发行利于国内A股企业估值重塑，利于优质成长龙头市值向海外上市的中资科技龙头靠拢。（证券时报）,2018-06-08 09:14:17,未透露,http://www.egsea.com/index.php?app=Company&mod=Info&act=news&id=248820,证券时报,华泰策略：独角兽上市及CDR发行利于国内A股企业估值重塑
华泰证券认为，CDR细则落地将加速资本市场国际化，拓宽证券公司业务边界，增厚券商经纪及投行业务收入。CDR将增加A股的多样性，丰富资本市场产品线。广发证券策略团队也表示，证券公司将以多种身份参与CDR发行及交易环节，建议重点关注拥有海外业务布局、发行运作能力雄厚的龙头券商。（上海证券报）,2018-06-08 07:44:39,未透露,http://www.egsea.com/index.php?app=Company&mod=Info&act=news&id=248746,上海证券报,机构：CDR将丰富市场产品线，龙头券商有望受益
此前有市场消息称，南方基金透露目前第一批CDR名单已确定：先是7月16日小米，随后百度、阿里巴巴、京东、腾讯、网易、携程、舜宇光学将陆续推出，购买CDR基金就是跟随国家队打新股的节奏。南方基金回应称，公司不了解第一批CDR名单的有关情况，也从未发布相关消息。（新浪财经）,2018-06-08 07:12:35,未透露,http://finance.sina.com.cn/money/fund/2018-06-07/doc-ihcscwwz9846579.shtml,新浪财经,南方基金澄清：不了解第一批CDR名单，未发布相关消息
南方基金表示，参考富士康的战略配售情况，20家战略配售投资者的价格同网下询价发行价格一致，并不存在折价的情况，这也符合公平原则，但最终的CDR战略配售方式并未正式出台，也没有先例，所以此问题也存在变数。（新浪财经）,2018-06-07 15:55:56,未透露,http://finance.sina.com.cn/money/fund/jjpl/2018-06-07/doc-ihcscwwz7391766.shtml,新浪财经,战略配售基金参与CDR项目投资不存在折价，但存变数
近日，贵州省发改委批复同意“贵州省大数据产业基金组建方案”，标志着大数据领域首只由省级政府出资设立的产业基金正式成立。本次成立的基金预计总规模为30亿元人民币，基金投向大数据与实体经济深入融合领域的重点工程和技术创新项目，同时将根据不同投资标的和投资目标引进社会资本。（贵州日报）,2018-06-07 09:42:11,未透露,,贵州日报,贵州大数据产业基金成立，预计规模30亿元
辉瑞周三宣布，计划通过旗下合资企业在生物科技以及其他新兴公司投资6亿美元。辉瑞合资企业将寻求投资25%的现有资本(1.5亿美元)给有前途的早期神经科学公司。除了神经科学，辉瑞还将继续在肿瘤、炎症和免疫学、罕见疾病、内科学和疫苗等广泛的治疗领域进行投资。（SeekingAlpha）,2018-06-07 07:44:18,未透露,,SeekingAlpha,辉瑞斥资6亿美元扩大合资企业投资
医美公司 Cytrellis Biosystems 近期完成 2850 万美元的 B 轮资金，投资方包括 Partner Fund Management，BioMatics Capital 和已有投资方 ARCH Venture Partners 和 the Merz Venture Initiative。本轮融资将用于完成临床研究、获取监管资格。,2018-06-06 19:56:47,未透露,https://36kr.com/p/5137569.html,36Kr,医美公司 Cytrellis Biosystems 获 2850 万美元融资
由易方达基金、嘉实基金、招商基金、南方基金、汇添富基金和华夏基金申报的战略配售基金获得证监会批文，这亦是国内首次批准参与“战略配售”投资的基金。该产品全称为3年封闭运作战略配售灵活配置混合型证券投资基金（LOF），封闭期为三年。（腾讯）,2018-06-06 16:23:24,未透露,https://finance.qq.com/a/20180606/027338.htm,腾讯,CDR公募基金正式获得证监会批文
华夏基金新闻发言人表示，拟设立战略配售基金投资以IPO、CDR形式回归A股的科技巨头。普通投资者可以通过战略配售基金成为战略投资者，享受和全国社保、养老金等机构同等的配售优先权，未来可能实现投资小米、京东、阿里等科技创新企业。基金在等待证监会批文。（新浪）,2018-06-06 12:59:17,未透露,,新浪,华夏基金：将发行战略配售基金 参与科技巨头CDR投资
知情人士称，华夏、汇添富、易方达、南方、招商和嘉实基金正在申请成立可通过战略配售投资于拟发行CDR的证券投资基金。这些基金单只销售目标下限为50亿元人民币，上限为500亿元，参与CDR项目的战略配售是否能获折价以及折价多少还未最终确定。监管机构本周将批准这批基金产品。（彭博）,2018-06-06 12:50:18,未透露,,彭博,彭博：中国计划批复总额高达3000亿元的6只基金 参与CDR投资
在获得基金代销牌照近半年后，腾讯旗下第三方基金销售机构腾安基金将于6月中旬正式开业。目前，腾安基金已与易方达基金、嘉实基金、富国基金、招商基金等签订基金代销协议。（21世纪经济报道）,2018-06-06 11:58:13,未透露,,21世纪经济报道,腾讯旗下腾安基金6月中旬开业，可代销数百只基金
证监会发审委召开第85次IPO发审会议，两家过会，一家被否。其中中国人民保险集团股份有限公司顺利过会，据中国人保招股书申报稿披露，其不考虑超额配售的拟发行股数将达45.99亿股，在A股历史上可以排到第八，这一发行量也创近8年来A股IPO记录，保守估计募资规模达到百亿量级。（腾讯）,2018-06-05 17:49:17,未透露,https://finance.qq.com/a/20180605/036971.htm,腾讯,保险巨无霸中国人保顺利过会，募资百亿即将登陆A股
独角兽战略配售公募基金产品发行时间有变，个人投资者阶段是11号到15号，机构投资者是19号一天。（华尔街见闻）,2018-06-05 16:20:59,未透露,,华尔街见闻,独角兽战略配售公募基金产品发行时间有变：个人投资者阶段是11号到15号，机构投资者是19号一天
英国《金融时报》 消息称，私募股权投资机构KKR和高盛共同筹集了3.6亿美元，以收购低代码快速应用开发平台OutSystems的“大量”少数股权，本次交易对OutSystems的估值超过10亿美元。据悉，本次交易筹集的资金将用于促进OutSystems在里斯本和波士顿业务的扩张，并帮助OutSystems发展其软件自动化研究。,2018-06-05 15:57:13,未透露,https://awtmt.com/articles/3329438,36Kr,KKR联手高盛3.6亿美元收购低代码应用开发平台OutSystems股权
据知情人士透露，由易方达基金、嘉实基金、招商基金、南方基金、汇添富基金和华夏基金申报的战略配售基金明日获得批文，该产品封闭期为三年。预计6月11日开始募集资金，其中，11日至13日为零售认购期，面向个人投资者募集，个人投资者限额50万；14日至15日为机构认购期。（腾讯）,2018-06-05 14:43:12,未透露,https://finance.qq.com/a/20180605/030571.htm,腾讯,专属投资CDR公募基金预计明日获批
法国滑雪装备品牌Rossignol今日宣布获得IDG资本的投资，有意借助后者的帮助，加速开发中国冬季运动市场，以为2022年在北京举办的冬季奥运会做好准备。（界面）,2018-06-04 18:20:35,未透露,http://www.jiemian.com/article/2197989.html,界面,瞄准北京冬奥会，高端法国户外品牌Rossignol获IDG资本投资进军中国市场
A股影视板块今日全线下挫。从市值影视板块市值蒸发来看，华谊兄弟下跌10.02%，市值蒸发22.75亿元；光线传媒下跌5.93%，市值蒸发18.19亿元；中国电影下跌4.66%，市值蒸发15.31亿元。整体来看，A股影视板块今天一天市值就蒸发了114亿元。（券商中国）,2018-06-04 17:46:27,未透露,http://www.egsea.com/index.php?app=Company&mod=Info&act=news&id=246321,券商中国,九成影视股下跌 一天蒸发114亿
首只人工智能基金经过8个月的验证，明显跑赢标普500指数。从这8个月业绩来看，标普500指数若是赚了68万，则同等金额投资的这只人工智能基金可以赚108万左右，超出近60%。作为全球首只人工智能基金，“AI驱动股票ETF”完全依赖机器进行选股，是一只主动管理ETF。（中国基金报）,2018-06-04 15:51:03,未透露,http://www.egsea.com/index.php?app=Company&mod=Info&act=news&id=246245,中国基金报,人工智能基金杀回股市，跑赢指数60%
上周五，火币与中国VC新融资证券以及韩国在线经纪公司Kiwoom Securities联手推出价值9300万美院的投资基金，旨在投资中国和韩国区块链初创企业，并帮助推动中韩企业之间的合作。除此之外，韩国未来资产金融集团也将作为投资者加入该基金。（bitcoin.com）,2018-06-04 07:12:34,未透露,,bitcoin.com,火币与融资公司联手推出9300万美元投资基金
或许是早期自己的创业经历和教育相关，作为一个投资人徐小平很愿意听年轻人描述自己的梦想，也愿意给年轻人做梦的机会。在他的投资准则里，人一直是最重要的准则之一。“有理想、有才华的人，我们就宁可信其有，绝不信其无。”（澎湃）,2018-06-02 18:51:50,未透露,https://www.thepaper.cn/newsDetail_forward_2166128,36Kr,徐小平：投资有理想才华的人，我宁可信其有绝不信其无
基石资本董事长张维日前表示，目前“独角兽”被各种光环所笼罩，但实际上，只有少数“独角兽”企业能成功，多数独角兽企业难以走出来。从国际上的统计数据来看，“独角兽”企业未能走出来的三大主要原因是缺乏市场需求、资金链断裂、管理团队不当。（21世纪经济报道）,2018-06-02 16:58:35,未透露,https://m.21jingji.com/article/20180602/herald/f0586275b6f9099e614fae4d0ed57d5a.html,21世纪经济报道,基石资本张维：多数独角兽将面临失败的三点原因
上交所举行A股纳入MSCI启动会。A股将于6月1日正式纳入MSCI指数，最终纳入的成分股将有226只。（万得）,2018-05-31 16:53:11,未透露,,万得,A股最终纳入的成分股将有226只
MSCI主席兼执行官费尔南德兹表示，最终纳入A股的名单或有226只。在CDR渠道上市个股方面，会在将来考虑纳入指数时对尚未在其他地方上市的中国企业予以着重考虑。（上证报）,2018-05-31 15:02:20,未透露,,上证报,MSCI主席：最终纳入A股的名单或有226只
百度资本管理合伙人武文洁表示，该公司将争取在2018年内做三到四笔“大交易”。百度资本在过去的一年半时间里作出了7笔投资，通常的投资规模是5000万~1亿美元，重点关注领域是人工智能、自动驾驶、5G、芯片组开发、医疗保健以及消费者和企业互联网。（彭博）,2018-05-31 14:58:34,未透露,,彭博,百度资本今年将争取再作出三到四笔投资
港交所行政总裁李小加今早会见媒体时表示，小米上市将会很快发生，但若果中国预托证券（CDR）的规则如期出台，发行人亦有可能选择于本港及CDR同步上市，但香港早已有A+H股同步上市的上市制度，相信类似的制度亦容易操作。另外，他提到，北向交易实名制正紧锣密鼓地筹备当中，预料9月底可以推出，相信机制提高透明度，对市场有意义。（香港经济通）,2018-05-31 10:29:41,未透露,,香港经济通,李小加：小米上市或很快发生，北向交易实名制料9月底推出
港股市场长期占据全球最大首次公开募股(IPO)市场的宝座，今年在上市新政刺激下，IPO将迎来新的爆发期。上半年IPO数量已远超同期，机构普遍预计下半年将迎来真正意义上的“井喷”。分析人士表示，港股市场IPO“井喷”虽然提升市场总体交投，但IPO市场“过热”，也让投资者担心港股市场的承受能力。（中国证券报）,2018-05-31 07:26:33,IPO,http://finance.sina.com.cn/7x24/2018-05-31/doc-ihcffhsw0305693.shtml,中国证券报,明星公司纷至沓来，港股下半年IPO或井喷
传奇投资人、伯克希尔哈撒韦首席执行官沃伦-巴菲特周三在接受CNBC采访时证实，他曾与Uber就投资问题进行过谈判。“我是达拉-科斯罗萨西（Dara Khosrowshahi）的一位忠实仰慕者。媒体报道中的一些内容与事实不符，但伯克希尔哈撒韦确实与Uber进行过谈判。”（腾讯）,2018-05-31 07:16:29,未透露,http://tech.qq.com/a/20180531/007990.htm,36Kr,巴菲特证实曾考虑投资Uber，自称是科斯罗萨西仰慕者
华尔街投资公司Maxim Group将苹果股票评级从“买入”下调至“持有”。Maxim Group称，苹果订阅业务将令投资者失望。Maxim Group分析师尼哈尔·卓克什称：“调查数据显示，苹果订阅服务的配售率最高将达到30%，有可能低于该比率，尤其是在市场上已有类似服务存在的情况下。”（新浪）,2018-05-31 07:04:57,未透露,http://tech.sina.com.cn/it/2018-05-30/doc-ihcffhsv9138682.shtml,36Kr,华尔街投行下调苹果股票评级，服务业务将令人失望
国君资管山东财经大学莱芜校区PPP项目资产支持专项计划，5月30日在上交所成功挂牌。该专项计划发行规模6.7亿元，期限10年，由社会资本方中国核工业华兴建设有限公司与莱芜市政府联手建立。该专项计划的挂牌发行，开启了全国高等教育系统PPP资产证券化的先河。（财联社）,2018-05-30 19:26:55,未透露,,财联社,全国高等教育系统首单PPP资产证券化登陆上交所
证监会最新信息显示，有六家公司5月29日齐齐上报了一款封闭3年的战略配售灵活基金。据业内人士反馈信息表示，这类基金可能会参与CDR投资公募基金，为了迎接独角兽回归A股。（中国基金报）,2018-05-30 16:02:58,未透露,,中国基金报,媒体：易方达等六大基金公司可能在上报投资CDR的公募基金
36氪获悉，研发公司 ForwardX 发明了一款可以“看见”的行李箱 OVIS 用来解放双手。近日，该公司宣布获 1000 万美元的融资，由鼎晖投资基金领投，Eastern Bell Venture Capital 参投。据悉，ForwardX 在与京东和 DHL 等公司进行协商，希望能让设备在工厂里进行落地实验。此举可能是为了研发新产品而做的准备。,2018-05-30 12:51:26,未透露,https://36kr.com/p/5136353.html,36Kr,ForwardX 获 1000 万美元融资，推出能“看见”的行李箱 OVIS
据香港经济日报报道，小米集团正部署上市，3券商共备有940亿元弹药，供巨企新股孖展使用，包括耀才证券（01428）的600亿元、辉立的200亿元及信诚的140亿元。（新浪）,2018-05-30 09:55:35,未透露,http://finance.sina.com.cn/stock/hkstock/ggipo/2018-05-30/doc-ihcffhsv3788735.shtml,新浪,小米集团正部署上市，3券商预留940亿弹药供孖展使用
前几年风生水起、让人艳羡的打新基金正在加速走下“神坛”。一方面是IPO进入减量提质阶段，打新项目大幅减少，另一方面打新基金底仓持股遭遇蓝筹失色、白马失蹄，后方起火。业内人士提醒，当前新股发行状态及打新基金底仓的行情下，打新基金纵使有追逐“独角兽”机会，也是赚吆喝大于业绩实质。（中国证券报）,2018-05-30 08:29:49,未透露,http://www.egsea.com/index.php?app=Company&mod=Info&act=news&id=243970,中国证券报,打新基金走下“神坛”，打新“独角兽”吆喝大于实质
36氪讯，周二美国股市收盘大幅下跌，道指重挫近400点。在美上市中概股收盘涨跌不一，阿里巴巴等七只知名中概股多数下跌，其中搜狐跌逾2%，仅有网易小幅上涨不到1%。其他中概股中，财报利好推动陌陌股价大涨15%以上，中通快递涨近8%；另一方面，宜人贷跌逾一成，趣店跌超8%。,2018-05-30 07:10:11,未透露,,36Kr,道指收跌400点，中概股涨跌不一
36氪获悉，据外媒报道，高盛基金已向法国移动游戏制造商 Voodoo 投资约 2 亿美元，以加速其业务在全球范围内的增长，同时在年底前将其员工人数翻番至 150 人，聘请计算机工程师开发即时通讯软件，并更好地利用在游戏上收集的数据。同时，据了解，West Street Capital Partners 也参与入股，但还未公布投资，Voodoo 的创始人仍控制公司主要股权。,2018-05-29 13:02:35,未透露,http://36kr.com/p/5136096.html,36Kr,法国游戏商“Voodoo”获高盛2亿美元投资
36氪讯，原乐视体育团队共计30人左右，正在研发一款名为“抓饭”的区块链内容平台。该平台以原先的章鱼TV为蓝本，正在进行区块链相关技术的研发，并已获得新湃资本500万美元的投资，专门成立新湃科技运营此项目。据了解，“抓饭”预计将于今年6月份上线，届时正逢2018年世界杯期间，该产品也将上线世界杯解说内容。,2018-05-29 10:56:27,未透露,http://www.jiemian.com/article/2179712.html,36Kr,原乐视体育团队转型做区块链内容平台，已获500万美元投资
据彭博社报道，中国汽车零部件供应商宁波继峰汽车零部件股份有限公司正谈判买断其合作伙伴德国汽车座椅生产商Grammer AG的股权，对后者的估值约为7.5亿欧元（约合8.72亿美元）。（新浪财经）,2018-05-29 10:45:54,未透露,http://finance.sina.com.cn/stock/usstock/c/2018-05-29/doc-ihcffhsu8122274.shtml,新浪财经,继峰股份谈判买断德国Grammer股权
总规模达100亿元的中国科学院成果转化基金宣布落户有着“中国光谷”之称的武汉东湖高新区。基金落户后，将通过在武汉东湖高新区部署中科院系创投子基金体系，引进中科院优质产业化项目落地，促进东湖高新区产业结构升级和战略性新兴产业发展。（新华社）,2018-05-28 15:54:47,未透露,,新华社,100亿元中科院科技成果转化基金落户武汉
据路透北京称，高通将于本周在北京和中国反垄断监管部门会谈，力争440亿美元收购恩智浦半导体的计划获得通过。对高通来说，这次收购如若成功，有助于高通在无人驾驶及人工智能领域快速发展。,2018-05-28 14:23:23,未透露,http://36kr.com/p/5135972.html,36Kr,高通或可得中国批准，收购荷兰恩智浦半导体公司
36氪讯，腾讯公司今日宣布以12.66亿人民币对东华软件控股公司东华诚信进行战略投资。未来，腾讯云与东华软件将围绕传统行业数字化转型新需求，聚焦政府、医疗、能源、金融、物流等行业核心应用场景，重点在医疗云及医疗互联网应用、智慧城市、能源云、金融大数据四个方向深度合作，共同推动传统行业数字化转型升级。,2018-05-28 11:15:51,未透露,,36Kr,腾讯公司宣布以12.66亿人民币，对东华软件进行战略投资
36氪获悉，私募基金Permira近日宣布对一站式婚庆服务平台WeddingWire投资3.5亿美元，并成为公司的大股东，目前双方已就此事达成协议。此次交易预计将于今年第三季度完成。此次投资将用于支持公司在美国和国际市场上的持续扩张，推进技术创新，并加大线上推广力度。,2018-05-28 11:10:39,未透露,http://36kr.com/p/5135925.html,36Kr,一站式婚庆服务平台WeddingWire获3.5 亿美元投资
据彭博社报道，文件显示，KKR完成6800万美元青岛海尔股份出售。,2018-05-28 10:09:52,未透露,,36Kr,KKR完成6800万美元青岛海尔股份出售
知情人称，韬蕴资本曾宣称拟投资超13亿，持股完达山乳业26.44%；天眼查显示，完达山乳业股东结构近年来没变化。有接近事件的知情人爆料：“（借款人）韬蕴资本借完达山乳业Pre-IPO之名募资，募集到的资金并未投入到该项目上。”据天眼查显示，近年来完达山乳业的股东结构和出资信息没有发生过变化；韬蕴回应称目前项目一切正常，其他信息不便透露。（新京报）,2018-05-28 07:53:38,IPO,http://www.bjnews.com.cn/finance/2018/05/28/488619.html,新京报,乐视接盘侠韬蕴资本陷募资疑云：借完达山Pre-IPO之名募资
据彭博社报道，中国海信集团在斯洛文尼亚电器品牌Gorenj的持股增至27.75%。,2018-05-25 21:41:49,未透露,,36Kr,彭博：中国海信集团在斯洛文尼亚电器品牌Gorenj的持股增至27.75%。
信雅达公告称，公司拟合计以8580.2023万元将持有的趣链科技5.7201%股权即150万元出资额，转让给理想国际控股集团有限公司或其指定的第三方。本次转让完成后，公司将不再持有趣链科技股权。本次作价8580.2023万元予以转让，预计本次交易公司投资收益毛利为8080万元左右（未考虑税费等扣减因素影响）。,2018-05-25 19:39:08,未透露,http://www.egsea.com/index.php?app=Company&mod=Info&act=news&id=242016,36Kr,信雅达转让趣链科技股权，预计获益8080万元
总部位于香港的区块链创业孵化平台SmartUp宣布获得了一笔500万美元的风险投资，投资方为Blockchain Japan。SmartUp旨在将全球范围内的区块链初创公司于投资者联系起来，他们计划利用这笔最新融资进行早期平台运营，同时在Blockchain Japan的帮助下匹配一些合适的项目。,2018-05-25 18:12:29,未透露,http://36kr.com/p/5135714.html,36Kr,香港区块链创业孵化平台Smatup获500万美元风险投资
路透引述三位未具名知情人士报道称，由于担心交易规模对内地市场而言可能过大，中国计划引入基石投资者，帮助阿里巴巴、小米等海外上市公司在国内发行股票。CDR基石投资者可能有至少1年的锁定期，阿里巴巴和小米在CDR规划阶段中领跑。,2018-05-25 17:14:11,未透露,,36Kr,路透：中国可能会在科技公司CDR发行中引入基石投资者
墨腾创投（Momentum Works）和志象网（The Passage）23日签署了代表未来战略合作的谅解备忘录（MoU），携手开发海外互联网创投市场。墨腾目前在新加坡、雅加达和曼谷都有运营分公司。 志象网专注于以印度为主的亚洲市场，新型科技市场科技创业的报道。（墨腾创投）,2018-05-25 11:51:09,未透露,https://mp.weixin.qq.com/s?__biz=MzI0NzMzMTE3NQ==&mid=2247485112&idx=1&sn=1121597614585ff33326d115ac4d6a44&pass_ticket=n%2BtEpG6vDclczaIQhA3ASwomWJEaSmcD3VA7UuYJteZPWLANbmC2R6Frx4TSVDRG,墨腾创投,墨腾创投与志象网建立战略合作，共同开拓海外互联网市场
36氪讯，高榕资本宣布品牌升级，公司英文名称由原有的“Banyan Capital”升级为由拼音标识的“Gaorong Capital”。从而实现基金中英文名称的一致性，以更方便国内的创业者、投资人、媒体等辨识基金主体。高榕资本专注于TMT行业初创期和成长期投资。,2018-05-25 09:38:30,未透露,,36Kr,高榕资本英文名称品牌升级为“Gaorong Capital”
36氪获悉，办公室智能门锁公司Openpath 近日获 700 万美元的融资。资料显示，到 2024 年，全球智能锁市场规模预计将达到 242 亿美元，年复合增长率为 60.1％，市场增长空间依然很大。,2018-05-24 21:42:06,未透露,https://36kr.com/p/5135298.html,36Kr,办公室智能门锁公司 Openpath 获 700 万美元融资
据彭博报道，中国的海信收购斯洛文尼亚GORENJE的22.56%股份。,2018-05-24 21:29:30,未透露,,36Kr,彭博：中国的海信收购斯洛文尼亚GORENJE的22.56%股份。
“扫地机器人第一股”科沃斯公告显示，公司股票将于5月28日上市，此次发行的股票数量为4010万股，发行价格为20.02元/股。招股书显示，科沃斯主要从事各类家庭服务机器人、清洁类小家电等智能家用设备及相关零部件的研发、设计、生产与销售。（北京商报）,2018-05-24 21:18:20,未透露,http://www.bbtnews.com.cn/2018/0524/243152.shtml,北京商报,“扫地机器人第一股”科沃斯将于5月28日上市
据国外媒体报道，加密行业巨头Coinbase收购了一家分散加密的货币交易中继平台Paradex，该平台可以帮助非美国客户直接交易数百个基于以太坊的数字货币。,2018-05-24 18:17:21,未透露,http://www.techweb.com.cn/world/2018-05-24/2668288.shtml,36Kr,Coinbase收购分散式加密交易平台Paradex，扩大交易范围
36氪讯，广州开发区管委会今日分别与北京互联创新工场投资管理有限公司、创新工场（北京）企业管理股份有限公司、深圳创新奇智科技有限公司在广州签署系列合作协议，创新工场智能投资基金落户广州开发区，目标总规模25亿元，重点投资人工智能、教育、消费升级、B2B企业服务等领域中早期项目。,2018-05-24 14:32:07,未透露,,36Kr,创新工场智能投资基金落户广州，目标总规模25亿
据Bitcoin消息，区块链技术研发公司Nchain宣布收购初创公司Handcash的多数股权。据Nchain消息，这笔交易是通过该公司的投资部门Nchain Reaction达成。,2018-05-23 21:56:14,未透露,https://36kr.com/p/5135198.html,36Kr,区块链公司Nchain宣布收购BCH钱包Handcash多数股权
摩根大通全球股票资本市场主管Liz Myers表示：香港最近对于上市的改革措施改变了游戏规则。大中华地区的许多公司过去会去美国上市，尤其是要求企业架构有灵活性的企业，现在则可以选择在与业务所在地较近的香港上市。我们预计今年在香港上市的交易数量会有所增加。（21世纪经济报道）,2018-05-23 21:01:04,IPO,https://m.21jingji.com/article/20180523/herald/a09c950eb861d0febfd52c85f89e6ad0.html,21世纪经济报道,摩根大通高管：中国独角兽公司将掀大规模上市潮，逾八成公司选择赴港IPO
大富科技今日发布公告称，各方已签订框架协议，公司通过支付现金方式购买百立丰51%股权。公告显示，百立丰100%股权的交易价格预估值为17亿元，最终交易价格依据独立第三方评估机构出具的《评估报告》确定的评估值，由交易双方协商确定。大富科技表示，本次收购百立丰，就是公司在5G全产业发展的重要布局。（腾讯）,2018-05-23 19:44:03,未透露,http://tech.qq.com/a/20180523/034453.htm,腾讯,大富科技收购百立丰51%股权，估值17亿元布局5G
36氪获悉，美国智能锁公司 LockState 宣布，获得 580 万美元融资，由 Iron Gate Capital 领投，Kozo Keikaku Engineering、Nelnet 和 Service Provider Capital 跟投。本轮资金将用于加速家庭用智能锁的推广。,2018-05-23 19:14:49,未透露,https://36kr.com/p/5135299.html,36Kr,美国智能锁公司LockState 获 580 万美元融资
36氪获悉，总部位于法国巴黎的奢侈品服装B2B电商“Ordre”，近日获得来自阿里巴巴的战略投资。具体金额未披露，但据相关人士透露，融资金额近2000万美元。关于此次融资，创始人Simon P. Lock表示：“Ordre将在阿里巴巴的支持下加速技术迭代、更好地为设计师赋能，并打开一条通往中国奢侈品市场的道路。”,2018-05-23 19:13:45,未透露,https://36kr.com/p/5135324.html,36Kr,奢侈品B2B电商“Ordre”近日获得阿里巴巴数千万美元战略投资
申万宏源证券表示，工业富联IPO募资低于媒体预期，是其发行定价原则和主流询价机构谨慎报价共同作用的结果。分析师林瑾表示，公募基金特别谨慎的原因，除了估值角度的考量外，更重要的是对潜在中签率相对较高的预期，必须执行严格的风控要求以避免获配“超标”。（彭博）,2018-05-23 16:52:58,IPO,,彭博,申万宏源：富士康工业IPO募资低于媒体预期，部分因公募基金报价谨慎
科学教育机构“科学队长”宣布获寻找中国创客导师基金领投的 3000 万人民币融资。同时，科学队发布了为 K12 教育机构赋能的方案：科学教育“中央厨房”。,2018-05-23 14:42:43,未透露,http://36kr.com/p/5135204.html?ktm_source=feed,36Kr,“科学队长”获3000 万人民币融资
36氪获悉，英国初创企业 Realeyes近日宣布获 1620 万美元融资，本轮由 Draper Esprit 领投，Karma Ventures 和 Harbert European Growth Capital 跟投。Realeyes 表示，本轮资金也将继续用于开发平台的预测分析能力，向营销人员提供视频广告的用户分析，驱动商业决策。,2018-05-23 14:31:37,未透露,https://36kr.com/p/5135259.html,36Kr,英国 Realeyes 获 1620 万美元融资
36氪获悉，新零售纸巾公司“初纸”获巨人网络前总裁纪学锋、码力兄弟千万元的战略投资。融资之后，“初纸”将着重扩大团队规模，研发发系统，开展战略直营，增加市场推广力度，完善供应商管理体系这四点进行布局。,2018-05-22 21:04:33,未透露,http://36kr.com/p/5135188.html,36Kr,新零售公司“初纸”获近千万级战略融资
36氪获悉，美国草本功能性饮料品牌“Rebbl”宣布获2000万美元融资，由Cavu Venture Partners领投。上一轮融资由Bigr Ventures和PowerPlant Ventures领投。据了解，“Rebbl”目前年销售额在2000万至5000万美元，预计今年将以70％的速度增长，本轮估值为1亿美元。,2018-05-22 16:33:14,未透露,http://36kr.com/p/5135123.html,36Kr,草本功能性饮料品牌“Rebbl”获2000万美元融资
“新经济五剑客”中，除阅文集团外，众安在线、易鑫集团、雷蛇和平安好医生均跌破发行价。据万得数据显示，截至本周一，“新经济五剑客”市值较此前高位累计已缩水超1700亿港元。今年上市的83只港股新股中，目前已经有50只股价处于破发状态，其中逾14只港股的破发幅度超35%，41只跌幅超10%。（中证报）,2018-05-21 21:47:47,未透露,http://finance.sina.com.cn/stock/marketresearch/2018-05-21/doc-ihawmaua2770592.shtml,中证报,港股“独角兽”集体破发，“新经济五剑客”缩水超1700亿港元
由火币前CTO张健创立的FCoin宣布，获得丹华资本、节点资本、歌者资本、时戳资本、八维资本、Zipper基金会等机构及个人的联合投资。张健表示，FCoin不是传统意义的交易所，也不是公司，而是一个通证化的社区组织，该组织的权益通过其发行的FT（FCoin Token）来体现。（网易科技）,2018-05-21 15:21:43,未透露,,网易科技,前火币CTO创建FCoin交易所，获丹华资本等投资
高榕资本创始合伙人张震表示，金融供给侧改革的核心是要解决金融资源的优化配置问题，实体经济中的很多传统领域都存在去产能、去杠杆的问题。为了更好的服务于新经济，金融行业也需要拥抱科技、需要吸收对新科技的各种应用方式，包括新的风控、获客方式等以为实体经济提供更好的服务。（腾讯科技）,2018-05-21 14:31:47,未透露,http://tech.qq.com/a/20180521/024317.htm,腾讯科技,高榕资本张震：新经济也是实体经济，也需要金融科技的支持
今日举办的成都全球创交会上，各类交易成交总金额达305.48亿元。本届创交会成功举办主体活动14场、配套活动25场，来自美国、加拿大、俄罗斯、德国、日本、韩国等30余个国家的2位诺奖得主、4位院士、50余位全球知名高校负责人，360集团、商汤科技、平安好医生等120余家知名企业，共2400余名嘉宾出席会议，60多家创投机构参加了项目路演和成果分享。（中新网）,2018-05-19 19:01:53,未透露,,中新网,2018成都全球创交会：成交总金额超305亿元人民币
中国电科将在上海设立智能物联建设和服务运营企业，首期资金投入规模100亿元左右，并与上海深入合作，共同推进拟态安全创新中心、安全工控创新中心、认知计算创新中心、5G创新中心、城市安全工程中心、光传输和光传感工程研究中心、中国电科（上海）双创示范基地等七大创新中心建设。签约仪式上，嘉定区与中电海康集团签署了合作协议，将重点合作发展人工智能、物联网、智慧城市基础设施、微纳电子等产业。（上海观察）,2018-05-19 18:52:06,未透露,,上海观察,中国电科与上海市签战略协议，推进5G创新中心等七大中心
今日，车东西获悉，小鸣单车的经营方——广州悦骑信息科技有限公司（以下简称“悦骑公司”）已经进入破产程序。据媒体报道，小鸣单车最多可能拖欠70万用户押金，总值达到1.4亿元。广东消费者委员会向消费者发出提示，根据《企业破产法》的相关规定，押金未能退还的消费者是对悦骑公司享有债权的债权人，可以进行债权申报。,2018-05-19 17:03:08,未透露,http://baijiahao.baidu.com/s?id=1600881049526262709&wfr=spider&for=pc,36Kr,小鸣单车进入破产程序，或欠1.4亿押金未退
康美药业”昨日召开了第八届董事会2018年度第一次临时会议，审议通过了《关于对外投资设立子公司的议案》。公告显示，康美药业拟投资1000万元在深圳市设立全资子公司康美智慧医院科技（深圳）有限公司。据悉，该子公司主要是推动“智慧药柜”项目。（亿欧）,2018-05-18 14:26:51,未透露,https://www.iyiou.com/p/72695,亿欧,康美药业投资3000万成立子公司，推动“智慧药柜”项目
网约服务平台“无忧帮帮” 今日宣布完成2500万元融资，投资方为木马资本。据悉，无忧帮帮是一款专注于网约服务平台，旗下产品小帮出行、小帮快送，通过LBS定位为商家和用户提供精准匹配，截至2017年，无忧帮帮业务已拓展到34个城市。（铅笔道）,2018-05-18 13:15:31,未透露,https://www.pencilnews.cn/p/18799.html,铅笔道,网约同城物流服务平台“无忧帮帮”获2500万元融资
36氪获悉，新风投公司“Next 10 Ventures”近日筹集了5000万美元的资金，专注于投资数字内容，以及为内容创作者提供工具与服务的领域。公司表示，后续投资会重点涉及三大领域：视频、IP孵化、内容电商，并且将会有一个专门针对教育内容创作者的基金。,2018-05-18 12:29:10,未透露,http://36kr.com/p/5134552.html,36Kr,“Next 10 Ventures”筹集5000万美元资金，专注投资数字内容领域
36氪讯，茂宸集团控股有限公司昨日宣布，集团旗下辅助生殖医疗专科宝德医务将与香港妇产科中心The Women’s Clinic合并，共建辅助生殖医疗集团。 同时，微医入股成为新IVF医疗集团的战略股东。据悉，此次合作是微医在中国大陆以外地区的首个投资项目。,2018-05-18 12:24:44,未透露,,36Kr,微医战略入股茂宸集团旗下新IVF医疗集团 
智能商业服务商微盟今日宣布微盟与微信酒店直销服务商及平台运营商，广州向蜜鸟网络科技有限公司签署收购协议，本次收购完成后，向蜜鸟将成为微盟的控股子公司，也标志着微盟正式进军智慧酒店市场。据透露，下一步，微盟与向蜜鸟将合作，通过微官网、微商城、微客服等运营产品，为酒店微信直销和会员系统提供帮助，帮助传统酒店通过社交分享实现营销裂变，为酒店节省人力成本及提升营收能力。,2018-05-18 11:18:43,未透露,http://36kr.com/p/5134593.html,36Kr,收购向蜜鸟，微盟正式进军智慧酒店市场
闪电狗于2018年4月获1亿元融资，投资方为东旭集团、东鼎国际。据悉，闪电狗货运平台，主要服务于企业级客户，运营至今，已覆盖北京、雄安、上海、太原、石家庄、保定、济南、西安、成都9个城市。服务美的、小米、京东等1000余家企业级客户。。此外，公司不在运费中抽取佣金，运费全部为司机所得。（铅笔道）,2018-05-18 10:24:44,未透露,https://www.pencilnews.cn/p/18797.html,铅笔道,闪电狗获1亿元融资
今年以来（截至5月16日），共有90家公司发布了定增预案，其中，新经济企业占到一半，无论企业数量还是融资规模，同比都在快速增长。监管部门最近在接受媒体采访时表示，将优化审核标准与流程，明确服务国家战略的融资政策，推进新旧动能转换，支持新经济企业发行债券和资产支持证券融资。（上证报）,2018-05-18 07:29:21,未透露,,上证报,新经济企业密集定增改写A股再融资格局 
港交所行政总裁李小加致表示，暂时不变透露有多少家公司，申请以同股不同权的架构在香港上市，考虑到4月底才启用新规，预计8月之后，或将出现上市高峰。李小加说，“每年上市高峰都集中在下半年，有审计的因素，也有假期的因素，新规4月底开始生效，预计更多公司会在8月后上市，9到11月都是上市高峰期。”（腾讯财经）,2018-05-17 10:58:14,未透露,https://finance.qq.com/a/20180517/018579.htm,36Kr,李小加：下半年或将出现同股不同权公司上市高峰
据路透社报道，当地时间星期三，顶级股东顾问公司Institutional Shareholder Services（ISS）建议Facebook股东，不要支持包括公司CEO马克·扎克伯格在内的5名董事，投票支持旨在改进公司对选举干扰和骚扰等问题回应的股东提案。（凤凰科技）,2018-05-17 10:10:10,未透露,http://tech.ifeng.com/a/20180517/44994202_0.shtml,凤凰科技,顶级股东顾问公司ISS建议Facebook股东不要支持扎克伯格
近日，美国牙科保险企业 Beam Dental 宣布，获得 2500 万美元融资，投资方为 Kleiner Perkins 。Beam 原先的业务是售卖智能牙刷和牙线，牙刷里带有蓝牙装置，可以和应用程序相连接，获取刷牙数据。目前，该公司正准备利用这些数据，以及智能牙刷的产品基础，进入牙科保险市场。,2018-05-17 07:59:57,未透露,http://36kr.com/p/5134337.html,36Kr,美国 Beam Dental 获 2500 万美元融资
美国体育媒体 Minute Media 近日宣布，获得 1700 万美元的融资，本轮由高盛、La Maison 和 Vintage 领投。本轮过后，其融资总额达到 7700 万美元，据 PitchBook 数据，估值或达两亿。对于本轮融资，Minute Media 表示，要建成全球性的媒体平台，想扩展到中国这样的新市场。,2018-05-17 07:58:34,未透露,http://36kr.com/p/5134297.html,36Kr,美国社区化体育媒体 Minute Media 获 1700 万美元融资
创新企业登陆A股已进入预热阶段。近期，沪深交易所向各家证券公司下发通知，要求各家证券公司学习相关办法及征求意见稿的内容，尽快启动创新企业股票或存托凭证的相关业务及技术准备工作。通知还要求券商做好投资者适当性管理。在买入创新企业股票或存托凭证前，能够以书面或电子等方式签署创新企业股票、存托凭证风险揭示书。（上证报）,2018-05-17 07:40:35,未透露,http://finance.sina.com.cn/stock/quanshang/qsyj/2018-05-17/doc-iharvfhu2905260.shtml,上证报,创新企业登陆A股进入预热期，券商启动技术准备工作
"36氪讯，云九资本（ (Sky9 Capital)）近日宣布，总金额为2亿美元的Sky9 Capital Fund III, L.P.美元基金已于年初超额募资成功。该基金的投资人包括世界顶级机构投资者，家族基金会和企业家，将主要用于投资中国市场，参与创新型互联网，深度科技和企业服务类项目的早期投资。",2018-05-16 18:12:57,未透露,,36Kr,云九资本完成2亿美元新基金募集
据外媒报道，硅谷智能车载雷达公司 Metawave 已经获得1000万美元融资，现代、丰田和汽车供应公司 Denso 等五家公司投资。融资将主要用于研发无人驾驶汽车中的“智能车载雷达系统”。去年 9 月，Metawave 曾获得了上汽资本700万美元的种子轮融资。,2018-05-16 14:21:30,未透露,http://36kr.com/p/5134178.html,36Kr,毫米波雷达技术公司Metawave完成1000万美元融资
36氪技获悉，屏芯科技已被美团点评全资收购，目前双方已经完成相关交割，后期屏芯科技将保持独立运营。据悉，此次收购完成后，屏芯科技将全面融入美团餐饮生态体系，双方联手推进商家基础设施改造升级，成为新餐饮征程中的重要推动力量。,2018-05-16 12:34:33,未透露,http://36kr.com/p/5134207.html,36Kr,美团全资收购“屏芯科技”，加码餐饮ToB业务
36氪讯，春晓资本联合武汉东科创星管理咨询有限公司共同发起设立春晓东科天使投资基金，基金规模为1亿人民币。据悉，该基金将重点投资武汉市人工智能、生命健康、新一代信息技术、新材料产业及其他战略性新兴产业领域的创业期和早中期企业，着力发掘原创核心技术。,2018-05-16 10:52:23,未透露,,36Kr,春晓东科成立1亿元天使基金
亿万富翁乔治-索罗斯旗下的投资公司今年一季度收购了特斯拉价值3500万美元的可转换债券，似乎意味着马斯克旗下的电动汽车制造商重新获得了这位金融大鳄的支持。索罗斯旗下索罗斯基金管理公司在周二向美国证券交易委员会（SEC）提交的13F文件中披露了这一数字。（新浪财经）,2018-05-16 08:54:21,未透露,http://finance.sina.com.cn/stock/usstock/c/2018-05-16/doc-ihapkuvm6035367.shtml,新浪财经,特斯拉重获索罗斯青睐，持有3500万美元可转债
摩根士丹利表示，近期受苹果公司新iPhone手机需求走软相关担忧影响，iPhone供应链中的亚洲零部件生产商股价已经下跌，现在正是“有吸引力的买入机会”。考虑到供应商收入增长的迹象，回调似乎“过度”，一些股票将因之前市场过度悲观而受益。（彭博）,2018-05-16 08:52:02,未透露,,彭博,摩根士丹利：亚洲苹果供应商股价下跌过度 现在是买入时机
孙正义正就设立第二支愿景基金与投资者进行初步接洽，筹资规模1000亿美元，最早可能明年启动。（彭博）,2018-05-16 08:42:50,未透露,,彭博,消息称软银孙正义拟设立第二支愿景基金，筹资规模1000亿美元
尽管由于3月份的数据泄露丑闻而股价大跌，但Facebook仍然是第一季度最受对冲基金欢迎的美国股票。彭博社整理的数据显示，第一季度对冲基金净买入13.7亿美元Facebook股票，超过其它任何美国股票。（新浪科技）,2018-05-16 08:24:07,未透露,http://tech.sina.com.cn/i/2018-05-16/doc-ihapkuvm5894983.shtml,新浪科技,尽管股价大跌，Facebook一季度仍最受对冲基金欢迎
摩根士丹利分析师亚当-乔纳斯（Adam Jonas）将特斯拉目标股价从376美元下调至291美元，乔纳斯周二在致客户的研究报告中表示，“我们认为，Model 3产能面临的挑战问题体现了特斯拉公司对此汽车的设计、生产以及该汽车的自动化水平等都面临着问题，这些问题将影响Model 3的盈利能力。”（腾讯科技）,2018-05-16 07:25:22,未透露,http://tech.qq.com/a/20180516/003191.htm,36Kr,摩根士丹利分析师担忧Model 3产能与盈利，下调特斯拉目标股价
有部分投资者向SEC申诉，要求禁止人人将其公司资产出售给人人CEO陈一舟所控制的私人实体以及日本软银集团，这些股东要求对这笔出售所持44家公司股权的交易进行调查，称该交易涉及的资产几乎被严重贱卖。小股东在公开信中表示，人人公司近期宣布的交易不公平，所有小投资者的权利遭到了不公正对待，将给小投资者带来巨大的无可挽回的损失。（界面）,2018-05-15 14:22:19,未透露,http://www.jiemian.com/article/2140421.html,界面,人人网出售资产遇阻，小股东向SEC申诉称遭受不公正对待
法国创业公司“Welcome to the Jungle”获840万美元（即700万欧元）融资，本轮融资投资方包括风险投资公司 XAnge、Bpifrance和 Kima Ventures以及投资人Jean Paul Guisset和Michael Benabou。这家公司现阶段主要为巴黎的数百家科技公司服务。（猎云网）,2018-05-15 14:22:02,未透露,http://www.lieyunwang.com/archives/441127,猎云网,法国创业公司Welcome to the Jungle获840万美元融资 
近日，韩国化妆品OEM/ODM代工企业Cosmecca Korea（蔻诗曼嘉）宣布收购美国同行Englewood Lab的控制性股权。本次交易中，Englewood Lab首席执行官David Chung将自己持有的Englewood Lab34.7% 的股份以5700万美元出售给Cosmecca Korea。（界面）,2018-05-15 13:06:23,未透露,http://www.jiemian.com/article/2140142.html,界面,蔻诗曼嘉5700万美元收购美国同行Englewood Lab的控制性股权
据外媒报道，全球最大资产管理公司贝莱德收购了LG电子5%的股份，成为这家韩国科技巨头的第三大股东，仅次于LG集团和韩国国家养老基金。,2018-05-15 11:30:43,未透露,http://tech.qq.com/a/20180515/021155.htm,36Kr,贝莱德收购LG电子5%股份，成为第三大股东
美国和班加罗尔区块链专业网络SpringRole今日完成了130万美元私募融资。投资方包括AlphaBlock Investments、DNA、BlockWater和Wavemaker Genesis。（猎云网）,2018-05-15 10:32:55,未透露,http://www.lieyunwang.com/archives/440977,猎云网,招聘平台SpringRole完成130万美元私募融资 
36氪讯，周一中国概念股多数上涨，阿里巴巴收涨2.2%，京东收涨0.6%，百度收涨0.87%。虎牙直播上市次日大涨14.45%，两日大涨53.17%。爱奇艺收涨6.38%，趣店收涨6.29%，哔哩哔哩收涨5.32%。,2018-05-15 07:18:18,未透露,,36Kr,中国概念股多数上涨，虎牙直播上市两日大涨逾53%
"36氪获悉，分类买卖手机应用程式Carousell宣布，募得8,500万美元的第三轮融资。是次融资由乐天风险投资公司及新加坡经济发展局旗下EDBI共同领导。据悉，新一笔资金将推动Carousell产品创新，让其于人工智能先导的世界中有新突破。主要资金会投放于人才及深度技术开发，进一步优化Carousell。",2018-05-15 06:45:19,轮,,36Kr,"分类买卖应用程式Carousell获8,500万美元第三轮融资"
思源政通高层透露，该公司计划融资15亿到20亿元人民币，整个公司估值已高达100亿左右。而目前已有多家国内顶尖的投资机构与其达成了合作意向，这一A轮投资结果不日即将正式公布。“我们在两三年内都没有竞争对手。”在董事长张亮看来，思源政通是作为一个平台公司存在的，和其他公司是一种合作关系。“这个市场的蛋糕足够大，我们可以一起分享。”（经济参考报）,2018-05-14 13:06:42,未透露,http://www.eeo.com.cn/2018/0514/328316.shtml,36Kr,政务信息化市场的隐形独角兽，思源政通百亿估值逻辑  
36氪获悉，NomNomNow 定位于为宠物狗提供新鲜定制、兽医配方的食品，今天宣布已经完成了 1300 万美元的融资，投资方包括Bullish，CircleUp，e.ventures，Tandem Capital和Greycroft等。这是迄今为止在toC 新鲜宠物食品领域中金额最大的融资。,2018-05-14 13:01:59,未透露,http://36kr.com/p/5133763.html,36Kr,定制宠物鲜粮兴起，NomNomNow 宣布完成 1300 万美元融资
工信部信软司副司长李冠宇表示，工信部刚刚印发《工业互联网APP培育工程实施方案（2018-2020年）》，目的就是通过市场化手段，引导软件企业与工业企业合作，推动企业基于云平台和工业APP库开发专业化应用软件。 （新浪财经）,2018-05-14 09:27:59,未透露,,36Kr,工业互联网APP培育工程实施方案已印发
摩根士丹利：将Snap目标价下调至7.50美元，维持谨慎推荐评级。注：Snap上周五收报11.04美元。（新浪财经）,2018-05-14 08:32:15,未透露,http://finance.sina.com.cn/7x24/2018-05-14/doc-ihapkuvk2122322.shtml,新浪财经,摩根士丹利：将Snap目标价下调至7.50美元，维持谨慎推荐评级
今年资本市场打开上市制度改革的窗口，以迎接“独角兽”企业回归为契机，由此推动法律层面的基础性改革。近期，证监会支持新经济企业的政策和配套规则正在制定和修订中。在相关制度落地之前，面对这一概念板块高估值以及热炒势头，谨防“捧杀”和滥竽充数显得迫在眉睫。（证券日报）,2018-05-14 08:02:12,未透露,http://www.egsea.com/index.php?app=Company&mod=Info&act=news&id=234930,证券日报,证券日报：A股引“独角兽”回归推动基础制度改革
陌陌日前宣布，收购探探公司100%股权交易已完成。交易完成后，探探原团队将继续独立运营产品和品牌。华兴资本作为这次交易的财务顾问。（TechWeb）,2018-05-14 07:45:09,未透露,http://www.techweb.com.cn/world/2018-05-13/2664266.shtml,TechWeb,陌陌收购探探100%股权交易已完成，后者继续独立运营
根据中国证券投资基金业协会最新公布的数据显示，截至2018年4月底，已登记的私募股权、创业投资基金管理人数量为14037家。据悉，私募股权、创投基金的基金管理4月规模明显增长，单月规模增长超过4000亿元，超过了今年前三个月的规模增长总和。（每日经济新闻）,2018-05-13 18:28:20,未透露,http://www.nbd.com.cn/articles/2018-05-13/1216570.html,每日经济新闻,私募股权、创投基金规模达7.76万亿，4月增速超过前3月总和
据知情人士透露，好莱坞电影大亨Jeffrey Katzenberg为其短视频创业公司NewTV筹集了8亿美元的资金。据悉，这笔资金将用于打造和YouTube视频时长相当的高端剧集。这位不愿透露姓名的消息人士表示，此次融资的投资方包括很多大型的媒体公司，其中21世纪福克斯公司和华纳兄弟两家就投资了2亿美元。（猎云网）,2018-05-13 14:02:25,未透露,http://www.lieyunwang.com/archives/440300,猎云网,短视频创企NewTV获8亿美元融资
今日零点，漫威影业宣布，《复仇者联盟3：无限战争》内地票房破10亿。而一天前的12日零点，该片票房破6亿，一天4亿进账。(华尔街见闻）,2018-05-13 09:28:40,未透露,,36Kr,《复仇者联盟3》国内票房破10亿 
Bernstein将百度公司美国存托凭证（ADR）的评级调升至与大盘一致，彭博数据显示，百度评级目前有26个买入，10个持有，1个卖出。（彭博）,2018-05-11 18:41:56,未透露,,彭博,Bernstein将百度ADR评级调升至与大盘一致
文件与内容共享平台茄子快传宣布收购印度电影流媒体服务提供商Fastflimz，交易具体细节没有对外公开，Fastflimz公司目前的估值大约为1300万美元。茄子快传公司还透露，本次收购交易完成之后，Fastflimz公司联合创始人卡拉姆·马尔霍特拉将会担任首席执行官。（竺道）,2018-05-11 17:29:24,未透露,http://www.ebrun.com/20180511/277015.shtml?eb=com_chan_lcol_fylb,竺道,茄子快传收购电影流媒体服务Fastflimz
据悉，凯雷和加拿大养老金计划投资委员会据悉参与蚂蚁金服的上市前融资。（新浪财经）,2018-05-11 17:25:40,未透露,,新浪财经,凯雷和加拿大养老金计划投资委员会据悉参与蚂蚁金服的上市前融资
彭博社援引匿名消息来源称，上海复星医药集团是诺华制药公司价值20亿美元资产的入围竞标者之一。,2018-05-11 15:03:04,未透露,http://finance.sina.com.cn/stock/usstock/c/2018-05-11/doc-ihamfahw3442866.shtml,36Kr,复星医药竞购诺华价值20亿美元资产
由中国五矿牵头设立的“五矿新能源新材料产业投资基金”日前揭牌。此次设立的新基金是中国五矿旗下第一只股权投资资金，规模将超过百亿元。基金合作方包括建信信托、中国诚通国调基金等。基金将主要投向新能源新材料全产业链，包括新能源汽车产业链、非传统能源、新材料等领域。（21世纪经济报道）,2018-05-11 10:12:18,未透露,,21世纪经济报道,中国五矿发起首只新能源新材料产业投资基金，规模超100亿元
花旗今天发布研究报告称，微博财报显示，第二季度的业绩展望表现稳定，用户在微博平台花费的时间和用户参与度正在提升。花旗维持微博股票的买入评级，以及161美元的目标股价。（新浪科技）,2018-05-10 20:54:06,未透露,http://tech.sina.com.cn/i/2018-05-10/doc-ihaichqz8928796.shtml,新浪科技,花旗：微博业绩表现稳定，用户参与度提升，目标股价161美元
"互联网企业第九城市今天宣布，已经和注册于直布罗陀的Plutux数字货币交易所及其股东签订投资意向书，九城将向Plutux及其股东发行和出售12,500,000普通股，每股面值0.01美元，交易价为每股1.2美元（等于九城美国存托股ADS 3.6美元每股），以此换取Plutux的非多数股权。（界面）",2018-05-10 18:28:31,未透露,http://www.jiemian.com/article/2128129.html,界面,九城宣布与Plutux数字货币交易所签订换股交易意向书
新加坡政府投资公司已正式入股盛煦地产成为其股东，双方将共同成立一个全新的投资平台，用于投资中国一线城市的长租公寓，首期投资总规模为6.75亿美元，约合43亿元人民币。今年3月，融创中国曾与盛煦地产共同发起设立规模约200亿元的存量资产并购基金，用于收购一二线城市办公楼、长租公寓等项目。（财联社）,2018-05-10 17:30:31,未透露,,财联社,新加坡政府投资公司入股盛煦地产，首期43亿将投资一线城市长租公寓
36氪获悉，美术盒子ABOX今日下午举办了GGAC全球游戏美术概念大赛启动发布会。美术盒子ABOX（隶属于上海点晴科技）是致力于提供一站式游戏美术解决方案的第三方平台。点晴科技天使轮的投资方丰厚资本创始合伙人谭群钊表示：丰厚资本目前已投十余个游戏行业项目，对于游戏产业的投资，倾向于平台类项目，更注重产业链布局。,2018-05-09 17:22:15,未透露,,36Kr,谭群钊：从GGAC全球美术概念大赛浅述丰厚资本游戏行业投资逻辑
36氪讯，在投资者电话会结束之后，各家投行分析师信心大增，高盛、花旗、美银、大和等华尔街知名投行对京东均给出“买入”评级，其中，高盛给出的目标价为57美元，花旗给出的目标价为51美元，而大和、瑞士信贷等投行也给出了50美元的目标价位。,2018-05-09 16:45:11,未透露,http://tech.qq.com/a/20180509/030689.htm,36Kr,高盛、花旗看高京东股票，目标价超50美元
36氪讯，雄岸基金创始合伙人姚勇杰通过其控股的Morgan Hill联合一致行动人Trinity Gate，以9亿港币收购香港主板上市公司SHIS Limited。雄岸基金发言人李晨称，不排除以后注入区块链和人工智能优质资产的可能性；不排除雄岸基金创始合伙人李笑来未来和该公司合作的可能性。SHIS早盘暴涨102%。,2018-05-09 10:07:20,未透露,,36Kr,雄岸基金创始合伙人姚勇杰联合收购香港主板上市公司SHIS
一位参与此轮大疆融资的投资者说，深圳市大疆创新科技有限公司新一轮融资最终方案出台，领投方（约五六家）将定增额度瓜分完毕，每家出资至少一亿美元起。一些被大疆告知入围最后一轮（第三轮）的中小投资机构今天接到出局电话，联系退还当初10万美元保证金事宜。（腾讯一线）,2018-05-08 21:21:14,轮,http://tech.qq.com/a/20180508/037053.htm,腾讯一线,大疆新一轮融资由领投方瓜分定增额度，候补中小机构出局
证监会官网公布的最新IPO排队信息显示，万达商业、富力地产、金辉集团、首创置业等房地产企业排序出现集体倒退。目前万达商业排在第94位，富力地产排第95位、金辉集团排第97位，较上次截至3月22日的排序，均大幅下滑16位。业内人士分析，这释放了监管层对房地产企业IPO进一步收紧的信号。（财联社）,2018-05-08 18:37:07,IPO,,财联社,万达商业、富力等房企A股IPO排序集体倒退
5月8日，证监会发审委召开ipo发审会议，四家企业上会，其中两家过会，一家被否，一家取消。其中，捷佳伟创和密尔克卫化工两家过会，北京时代凌宇被否。欲私有化回归A股的宇信易诚原拟于5月8日上会，5月7日晚公告取消审核。（腾讯一线）,2018-05-08 17:44:18,IPO,https://finance.qq.com/a/20180508/033294.htm,腾讯一线,IPO过会率走低 四家上会两家通过
Purple Carrot今日宣布获400万美元战略融资，投资方为Fresh Del Monte Produce。这家公司主要为订阅者提供纯素食主义净菜。公司表示这轮融资能帮它优化供应链，获取更多零售机会，并在其他产品种类里进行扩张。（猎云网）,2018-05-08 14:42:27,未透露,http://www.lieyunwang.com/archives/438233,猎云网,提供素食订阅服务，Purple Carrot获400万美元战略融资
华尔街投资大师罗杰斯表示，任何东西在两三年之内价格可以涨上百倍或上千倍，那它一般是个泡沫，不论是互联网、黄金、商品或者其他任何东西。他还表示金，融行业将有可能因为区块链而改变，但数字加密货币会不会存活下来又是另外一个问题，投资者要非常小心，因为其中的很多人都会失去一切。（链研所）,2018-05-08 10:31:45,未透露,https://mp.weixin.qq.com/s/HK-QyfarQsos0KFO1k6TkQ,链研所,投资大师罗杰斯：比特币不会一直存在
黑石集团日前表示，将以76亿美元现金收购商业地产资产管理公司Gramercy物业信托。Gramercy方面表示，预计该交易将在今年下半年完成。（路透）,2018-05-08 08:30:23,未透露,,路透,黑石集团将以76亿美元现金收购Gramercy物业信托
汉能投资董事长兼首席执行官陈宏表示，有更多新经济公司考虑在香港上市，甚至包括部分此前本打算在内地上市的企业，“几家交易所对优质公司的争夺在升级”。（腾讯财经）,2018-05-07 20:30:04,未透露,https://finance.qq.com/a/20180507/041651.htm,腾讯财经,汉能投资陈宏：各地交易所对优质中国公司的争夺在升级
借大钱炒新股曾经是香港最热门的投资策略之一，但在小米公司百亿级的IPO即将到来之际，这个交易策略已经开始折戟沉沙，今年约四分之三的港股IPO已经跌破发行价，平安好医生上市首日股价未爆发，次日即破发。（彭博）,2018-05-07 20:11:15,IPO,,彭博,港股打新不再稳赚不赔，小米IPO前感受冷风吹
巴菲特在谈到对苹果的持股时表示，我们并不是在买入一只股票，而是买入一项业务的5%权益。（财联社）,2018-05-07 19:12:03,未透露,,财联社,巴菲特谈持股苹果：我们是在买入一项业务的5%权益
巴菲特称，伯克希尔哈撒韦公司持有的现金应该是300亿美元，而不是超过1000亿美元。（新浪）,2018-05-07 19:07:05,未透露,,新浪,巴菲特：伯克希尔哈撒韦公司持有的现金应该是300亿美元
《福布斯》刊文称：小米是今年首批准备进行大型IPO的中国科技创业公司之一，它可能为其他几家即将上市的中国公司（如美团，滴滴和今日头条等）设立标准。这将会很有趣。（TechWeb）,2018-05-07 16:37:24,IPO,http://www.techweb.com.cn/world/2018-05-07/2662346.shtml,TechWeb,《福布斯》：小米IPO可能为中国科技公司上市设定标准
在大盘不好的情况下，二级市场已经开始质疑一级市场的高估值，市场人士称，一级市场的估值定价，一般都是直接找投资者谈下的，但上市IPO的发行价是公司和投行协商定下的，如果定得太低，无法向前一轮投资者交代，定得太高又很难吸引投资者。（第一财经）,2018-05-07 16:20:34,未透露,http://www.yicai.com/news/5420752.html,第一财经,平安好医生第二个交易日即破发，高估值吓跑二级市场投资者？
江小白酒业近日宣布成功收购重粮酒业有限公司100%股权及2953.96万元债权产权项目，成交价7813万元。江小白公司还将受让重粮集团的“重粮”相关类别注册商标权项目。双方会从原粮供应、酿造生产、销售渠道、品牌营销等多方面进行合作。（界面）,2018-05-07 15:38:51,未透露,http://www.jiemian.com/article/2116947.html,界面,江小白花7813万元收购重粮酒业有限公司
近日，民办高等教育公司中国科培教育集团向港交所递交招股说明书。招股说明书披露，公司筹集资金将用于收购其他学校、扩充目前公司已经拥有或者营办的现有学校、偿还从第三方金融机构处获得的贷款以及公司营运资金及一般公司用途据统计，2017年，中国内地共有5家教育企业在港股上市。（芥末堆）,2018-05-07 14:45:18,未透露,https://www.jiemodui.com/N/94566.html,芥末堆,中国科培教育拟赴港上市，2017年净收2.31亿元
2018巴菲特股东大会上，巴菲特谈到数字货币资本化的问题时表示，购买非生产力资产时，因为不能有产品产出，在一段时间内不会做出任何的交付。目前大多数情况下，依赖于别人用更高的价格接盘，大多都不会有好结局。数字货币没产生和生产有关的价值，而且会产生很多例如汇率等相关的问题。（CNBC）,2018-05-07 07:37:20,未透露,,CNBC,巴菲特：加密货币是一种没有生产力的资产
据新华社报道，根据全国中小企业股份转让系统（新三板）披露数据，今年以来，共有633家挂牌公司完成股票发行融资，累计发行股票金额达262.22亿元。自今年1月15日新三板实施交易制度、市场分层等新政策以来，新三板累计成交金额294.55亿元，其中以做市方式转让的股票成交98.11亿元。,2018-05-06 10:55:59,未透露,http://www.xinhuanet.com/2018-05/06/c_1122789831.htm,36Kr,今年以来新三板累计发行股票金额超260亿元
华尔街见闻消息，伯克希尔一季度经营利润52.9亿美元，去年同期35.6亿美元；一季度归属于股东每股亏损1138美元，去年同期每股盈利4060美元。,2018-05-05 20:05:30,未透露,https://wallstreetcn.com/articles/3302746,36Kr,伯克希尔一季度经营利润52.9亿美元
据新华社报道，美国著名投资人沃伦·巴菲特4日在美国内布拉斯加州奥马哈市举行的中美投资者论坛上表示，中国经济几十年来取得的发展是一个“奇迹”，旗下公司将扩大在华投资。他认为，中国经济发展取得成功主要在于成功释放了中国人的创造潜力，一个国家要发展就应该像中国这样致力于释放民众创造力。巴菲特表示，“中国人聪明，勤奋，必然拥有美好的经济前景”。,2018-05-05 11:59:16,未透露,http://finance.sina.com.cn/stock/usstock/c/2018-05-05/doc-ifyuwqfa6692797.shtml,36Kr,巴菲特称中国经济发展是个奇迹，将扩大在华投资
Lucidworks是一家利用人工智能（AI）将大数据进行网格化以帮助公司构建智能搜索应用程序的公司。近日，Lucidworks宣布获得来自Top Tier Capital Partners领投、Silver Lake Waterman成长基金参投的5000万美元融资。这次筹集的5000万美元的资金用于扩展其企业产品，以及“帮助全球领先的公司将智能数据体验带入市场”。（猎云网）,2018-05-04 11:29:13,未透露,http://www.lieyunwang.com/archives/437334,猎云网,利用AI帮助企业搭建智能搜索应用，Lucidworks获5000万美元融资 
港交所总裁李小加表示，恒生指数公司很快公布可能的规则变化，以将按照同股不同权规则上市的公司纳入基准指数。（彭博）,2018-05-04 10:39:23,未透露,,彭博,港交所总裁李小加：恒生指数公司很快公布可能的规则变化
港交所行政总裁李小加表示，无意特别加快上市审批程序，强调这不属于港交所的文化。他认为，新股的发行规模、定价及时间等均应按市场而定，港交所只属上市平台。（香港信报）,2018-05-04 10:33:15,未透露,,香港信报,小米申请上市，港交所行政总裁李小加：无意加快审批程序
浙商银行乐视网股票质押式回购业务余额近8亿元。浙商银行称对乐视减值准备计提充分，已对乐视网业务开展全面风险核查，未发现业务开展过程中存在违法违规情况。浙商银行资本市场部副总经理胡金海表示，宝能项目中资金按合同使用，仅用于钜盛华整合收购非上市金融股权，不可用于股票二级市场投资，也不作为其他资管计划劣后资金。（21世纪经济报道）,2018-05-04 10:08:24,未透露,,21世纪经济报道,浙商银行称已全面核查乐视网业务风险，宝能项目中资金按合同使用
港交所总裁李小加：预计秋季会有大量香港的IPO交易，IPO渠道存在巨大的需求。（彭博）,2018-05-04 09:59:35,IPO,,彭博,港交所总裁李小加：预计秋季会有大量香港的IPO交易
金螳螂5月3日晚间公告称，公司拟投入不超2亿元参与由上海云锋新创股权投资管理中心（有限合伙）作为普通合伙人的投资基金上海云锋麒泰投资中心（有限合伙），同时委托云锋投资关联方云锋新创进行管理。投资方向主要为，对互联网、文化传媒体育等行业进行价值投资。（亿欧）,2018-05-04 08:54:05,未透露,https://www.iyiou.com/breaking/15372,亿欧,金螳螂2亿元参投云锋基金
今年港股市场迎来IPO大年。已公布的数据显示，今年一季度香港已有64家公司上市，超过前两年一季度总和。日前港交所又颁布上市新政，部分“新经济”公司对前来香港上市跃跃欲试。分析人士表示，香港市场不乏基本面好、成长能力强的优质标的，不仅吸引了更多的资金投资港股市场，同时提高了市场的交易量。（中国证券报）,2018-05-04 08:11:02,IPO,http://www.egsea.com/index.php?app=Company&mod=Info&act=news&id=230099,中国证券报,新股密集上市，港股迎IPO热潮
百合网5月3日晚间发布公告显示，郭广昌控制的宁波梅山保税港区缘宏投资有限公司拟以约39.98亿元受让公司69.18%的股份。交易完成后，缘宏投资将成为百合网的控股股东，公司实际控制人变更为郭广昌。（北京商报）,2018-05-03 23:41:53,未透露,http://www.bbtnews.com.cn/2018/0503/239735.shtml,北京商报,郭广昌拟40亿拿下百合网实控权
SoundHound今日宣布获1亿美元融资以加快自己Houdify语音人工智能平台的国际扩张，并推出新的语言、设立新的办事处，同时将Hound语言助手推广到家居应用和汽车上。本轮融资的投资方包括腾讯、现代汽车、Orange S.A.和戴姆勒股份公司。（猎云网）,2018-05-03 19:55:53,未透露,http://www.lieyunwang.com/archives/437157,猎云网,AI语音助手SoundHound获腾讯、现代领投1亿美元融资，将拓展中国市场 
上市公司邦宝益智今日发布《重大资产购买报告书（草案）》，拟以支付现金方式购买广东美奇林互动科技股份有限公司100.00%股权，交易价格4.4亿元。 本次交易以完成后，美奇林将成为邦宝益智的全资子公司。,2018-05-03 19:42:20,未透露,https://www.jiemodui.com/N/94447.html,36Kr,邦宝益智拟4.4亿元收购美奇林100%股权，以完善国内销售网络
36氪讯，知名风险投资机构GGV纪源资本今日对外宣布完成了首支人民币基金的募资，新基金最终关账规模逾15亿人民币。将专注于投资：互联网服务、消费升级、前沿科技与智能硬件、企业服务、数字服务等领域中国领先的初创期和成长期企业。,2018-05-03 17:50:34,未透露,,36Kr,GGV纪源资本完成首支人民币基金募集，总额逾15亿
红杉资本合伙人计越今日在2018年世界数字资产峰会、上表示，红杉资本很早就加入了数字货币资产的投资行列，未来可能会花更多的时间来关注加密资产及区块链行业。,2018-05-03 11:12:59,未透露,,36Kr,红杉资本计越：未来将花更多时间来关注加密资产
华尔街投资银行高盛（Goldman Sachs）正式开始启动比特币交易业务，将开始为客户交易比特币期货，此外还将提供无本金交割远期。（纽约时报）,2018-05-03 07:25:39,未透露,,纽约时报,高盛将开始为客户交易比特币期货
36氪讯，香港金管局公告称，从未有发起相关投资项目，虚拟商品及相关投资项目亦不属于金管局的监管范围。市民如怀疑受欺诈，应立即联络警方或香港警务处商业罪案调查科，以便警方跟进和调查。,2018-05-02 17:08:54,未透露,http://www.hkma.gov.hk/chi/key-information/press-releases/2018/20180502-4.shtml,36Kr,香港金管局：从未进行任何关于加密货币产品的投资
3月份货币基金今年连续上涨的势头终止，整体缩水近5000亿。受此影响，3月底公募基金总规模也出现微幅缩水，降至12.37万亿，但仍处于历史较高水平。同时，公募基金总只数正式突破5000只大关。（中国基金报）,2018-05-02 16:54:33,未透露,,中国基金报,公募基金突破5000只大关，基金总规模降至12.37万亿元
本周一，孙正义与莫迪针对一系列重要投资任务进行了会谈。在接受采访时，孙正义表示，软银集团将在10年内对印度市场投资100亿美元，但根据目前的状况，他们可能会超过预期投资规模，提前达到100亿美元的投资目标。孙正义补充称，他第一次与印度总理纳伦德拉•莫迪会面时就承诺，软银将会在印度投资100亿美元。,2018-05-02 13:06:57,未透露,http://36kr.com/p/5132055.html,36Kr,印度总理莫迪密会孙正义，软银将超额完成10年投资100亿美元
"据华尔街日报，熟悉相关讨论的人士称，最近几个月，至少有十几家公司（总估值约5,000亿美元）已就今年下半年或明年年初进行首次公开募股与投行人士和潜在投资者举行了商讨。如果所有这些交易都得以进行，那么至少有500亿美元新股可能进入股市，这将检验投资者对中国不断扩大的互联网消费经济的兴趣。",2018-05-02 11:43:59,IPO,,36Kr,华尔街日报：中国大型科技独角兽加紧筹备IPO
36氪讯，小米概念股开盘上涨，欧菲科技涨6.3%，普路通涨4.5%，此前消息小米最快本周申请港股IPO。,2018-05-02 09:26:29,未透露,,36Kr,小米概念股开盘上涨，欧菲科技涨6.3%，普路通涨4.5%
微软前首席执行官史蒂夫-鲍尔默周二表示，他已经抛售了在Twitter公司中持有的所有股权，但理由不是因为他担心Twitter公司会失败。鲍尔默表示，“我认为Twitter会取得成功，未来会向前发展。但是，我想让我的生活简单化，而且我以非常好的价格抛售了这些股票。”（腾讯科技）,2018-05-02 07:26:39,未透露,http://tech.qq.com/a/20180502/003486.htm,36Kr,微软前CEO鲍尔默称已售所有Twitter股权，并非看衰前景
聚美优品宣布公司董事会已经批准了一项股票回购计划，授权公司在未来12个月内回购总价值最高达1亿美元的股票。聚美上市体系已包含电商、街电、影视等多个业务板块。据2017年财报显示，聚美的电商业务盈利9500万元，全年GMV达到66亿元，活跃用户1505万，总订单量6355万，同比增长3.4%。（新浪）,2018-04-30 19:34:20,未透露,http://tech.sina.com.cn/i/2018-04-30/doc-ifzvpatr5833545.shtml,新浪,聚美优品公布股票回购计划，回收总价值最高1亿美元
神雾集团28日与金沙江资本控股企业上海图世签署协议，神雾集团将获得上海图世15亿元战略投资，其中包括3.5亿元入资股权及11.5亿元的神雾技术推广及业务开展投资。神雾集团引战总体规模为50至70亿元，后续B轮战略投资者以大型国企、央企为主。根据相关协议，本次增资扩股完成后，吴道洪仍为神雾集团的第一大股东。（证券时报）,2018-04-30 16:05:27,A轮,http://www.egsea.com/index.php?app=Company&mod=Info&act=news&id=228314,证券时报,神雾集团引战取得实质性进展，A轮获金沙江资本投资15亿元
36氪讯，香港恒生指数开盘上涨0.8%。同股不同权制度今日起正式在港生效，并实时接受上市申请。香港信报称，小米本周可能申请香港IPO。,2018-04-30 09:21:43,未透露,,36Kr,港股高开，同股不同权制度今起生效
美国知名投资人保罗·米克斯（Paul Meeks）近期在接受采访时表示，投资者可以加大对科技股的敞口。对于美股科技股的“FANG”公司，他表示：“我喜欢Facebook和谷歌，因为这些股票已经出现调整，调整幅度甚至超过10%。所以，我最近所做的就是在坏消息出现时买入这些股票。”（腾讯科技）,2018-04-30 09:08:39,未透露,http://tech.qq.com/a/20180430/006745.htm,36Kr,知名投资人态度大转变：科技股的基本面依然强劲
香港财经事务及库务局局长刘怡翔表示，金管局刚就修订《虚拟银行的认可》指引进行公众咨询，预计下月推出新指引。刘怡翔表示，特区政府一直重视推动普及金融的发展，希望虚拟银行能服务更多市民，令金融服务更普及。（香港电台）,2018-04-29 16:34:24,未透露,,香港电台,香港金管局拟下月就虚拟银行推出新指引
全球最大的主权基金挪威主权财富基金近期公告称：受全球股市抛售潮影响，挪威主权财富基金第一季度损失1710亿挪威克朗（合约210亿美元），收益率为-1.5%。该基金报告显示，美股占该基金股票投资组合的36.1%，重仓的股票为科技股，微软、苹果、Alphabet以及消费品公司Nestle。,2018-04-29 11:57:43,未透露,,36Kr,股市震荡，全球最大主权基金第一季度巨亏逾210亿
4月28日，在美国内布拉斯加州的雅虎财经访谈中，巴菲特再次蔑视了数字货币投资，称“购买比特币不是投资”。他说：“如果你买了一些东西，比如农场、公寓，或者对某项业务感兴趣，你可以私下做这件事，这是一项非常令人满意的投资。你看投资本身就会回报你。如果你买比特币或某种数字货币，这些东西不会产生任何东西，你只是希望下一个家伙付更多的钱。”,2018-04-29 10:17:55,未透露,,36Kr,巴菲特：购买比特币不是投资
中欧所方面接受采访时表示，中欧所将集中力量推进D股市场建设，努力在2018年实现第一批D股上市。首批D股发行人将优先选择符合以下特点的公司：一是优质蓝筹上市公司；二是公司具有清晰的国际化战略；三是公司在欧洲已有或计划进行业务布局；四是公司属于先进制造业企业或“一带一路”倡议相关企业；五是公司重视分红；六是公司信息披露质量高。（证券时报）,2018-04-28 21:01:30,未透露,http://kuaixun.stcn.com/2018/0428/14190872.shtml,证券时报,中欧所：D股上市时间约为半年左右
据猎云财经报道，纳斯达克已确定，即将成为首个拓展数字资产交易的全球主流证券交易所，时间点计划在2018年10月。如一切顺利，5个月后，纳斯达克将正式上线数字货币交易品种。对此，资深人士张利表示：“如果美国这一政策动向被效仿，那么，更多国家将开放数字资产交易牌照，这对全球数字资产市场有正向影响。”,2018-04-28 19:45:21,未透露,https://36kr.com/p/5131811.html,36Kr,纳斯达克可能计划10月上线加密货币交易
根据IPO研究公司Renaissance Capital的数据显示，如果不算本周五上市的DucoSign和Smartsheet在内，2018年完成公开上市的科技公司数量已经达到了15家，是去年的2倍多。（腾讯科技）,2018-04-28 16:36:27,IPO,http://tech.qq.com/a/20180428/026452.htm,腾讯科技,2018年科技公司IPO数量目前已经是去年的两倍
Washington Crossing Advisors的投资组合经理查德-摩根兰德表示：“我们给予苹果股票‘持有’评级。我们可能会看到这只股票再下跌5%到10%。”他说：“我们在短期内会回避这只股票，我们给予它‘持有’评级。但从长远来看，如果说你的投资计划是5年，那还是值得买入的。”（腾讯科技）,2018-04-28 14:57:23,未透露,http://tech.qq.com/a/20180428/023705.htm,36Kr,分析师：苹果股票短期还会下跌10%，但值得长线投资
重庆百货发布公告称，拟决定出资约6.34亿元，认购5.6亿股参与马上消费金融股份有限公司第三轮增资。此后，重庆百货将持有马上金融约12.42亿股，占其股份总额的31.06%。公告称，目前，马上金融因发展需要，拟进行第三轮增资。（腾讯科技）,2018-04-26 20:05:00,未透露,https://finance.qq.com/a/20180426/038166.htm,腾讯科技,马上金融将增资至40亿元，重庆百货拟出资6.34亿元
证监会发布并购重组委2018年第20次会议审核结果公告，快乐购收购芒果TV、天娱传媒、芒果互娱、芒果影视和芒果娱乐5家公司的交易获有条件通过，上市公司需在10个工作日内将交易标的资产涉诉情况、相关进展及应对措施；以及本次交易募集配套资金的必要性及合理性两项补充材料及修改后的报告书报送上市公司监管部。（财新）,2018-04-26 20:03:03,未透露,http://www.csrc.gov.cn/pub/zjhpublic/G00306207/201804/t20180426_337359.htm,财新,快乐购重组有条件获批，芒果TV即将登陆A股
当地时间4月25日中午11时16分左右，纽约证券交易所公告暂停了4月25日剩余交易时间的亚马逊、Booking Holdings和谷歌母公司Alphabet的交易，将原因归结于“价格代码”出现问题。公告称，开放指令（Open order）将被取消，而暂停交易的时间持续至收市。（澎湃）,2018-04-26 17:35:10,未透露,https://www.thepaper.cn/newsDetail_forward_2097460,澎湃,纽交所出故障，亚马逊等股价超1000美元三股被暂停交易
国际律师事务所富而德日前发布的2018年一季度全球并购观察报告说，技术、媒体及电信行业的并购交易额和交易量均明显超出其他行业，或成为今年并购的热点板块。报告显示，今年一季度，全球并购交易额达1.068万亿美元。从并购交易额看，技术、媒体及电信行业占比约24%；从并购交易量看，该行业占比约26%。（新华社）,2018-04-26 17:24:17,未透露,http://www.egsea.com/index.php?app=Company&mod=Info&act=news&id=226820,新华社,机构预计技术、媒体及电信行业将成今年并购热点
据路透社援引一位未具名知情人士的消息报道，贝恩资本计划设立一支专注于亚洲的新基金，目标募资规模高达40亿美元。贝恩将于7月份开始筹集资金，希望筹集35亿-40亿美元。贝恩对路透社未予置评。（路透）,2018-04-26 13:28:48,未透露,,路透,路透：贝恩资本据悉计划为新亚洲基金募资40亿美元
据外媒报道，全球最大主权财富基金挪威主权财富基金的首席执行官斯林斯塔（Yngve Slyngstad）表示，该基金在评估全球绝对企业巨头的重要性时，腾讯和阿里巴巴这两家公司表现突出。他说：“看看它们的规模，他们自身比大多数新兴市场都要大。”（腾讯科技）,2018-04-25 17:30:37,未透露,http://tech.qq.com/a/20180425/030526.htm,36Kr,万亿美元基金CEO：腾讯和阿里巴巴是世界上最重要的两家公司
