title,create_time,link,content,source,funding_round
AI智能安防公司“考拉悠然”获千万元级融资,2018-07-20 09:36:13,http://36kr.com/p/5143511.html,36氪近日获悉，AI智能安防公司“考拉悠然”获千万元级Pre-A轮融资。资金将用于团队扩充、产品研发和市场拓展。团队方面，考拉悠然目前约有80人，其中技术研发人员约占六成。,36Kr,未透露
上半年中国金融科技融资额2300亿元，BAJ占半数,2018-07-20 07:02:27,http://tech.qq.com/a/20180720/003051.htm,据零壹数据统计，2018年上半年，全球至少发生569笔金融科技投融资事件，涉及资金总额约2760亿元，同比增长346.3%，环比增长208.1% ，总金额几乎为2017年全年的2倍。中国获得融资总额约为2300亿元，占全球的83.3%，其中蚂蚁金服、度小满（百度金融）、京东金融融资额约为1200亿元，占国内总融资额半数。（证券日报）,证券日报,未透露
阜兴系私募爆雷后续：有银行暂停私募托管、收紧托管门槛,2018-07-19 19:32:20,https://m.21jingji.com/article/20180719/herald/8f347f4d8b0a9d11dbc0bd471b04a8b6.html,已有股份制银行上海分行暂停开展契约型私募基金的托管业务，不再出具相关确认函。另有股份制银行人士表示，该行虽未停止私募基金托管，但已经对私募基金托管收紧门槛，包括严格审核实际控制人、关联交易等。此次银行收紧契约型私募托管，与阜兴系私募实际控制人失联有关。（21世纪经济报道）,21世纪经济报道,未透露
小牛电动计划进行3亿美元的IPO,2018-07-19 15:56:11,,中国初创企业小牛电动据悉计划进行3亿美元的IPO。知情人士表示，小牛电动考虑最快今年在美国挂牌上市；筹备工作还处于初期阶段，细节可能会变化。小牛电动考虑募集资金，以进一步满足中国本土市场之外对于电池驱动两轮摩托车的需求增长。（彭博）,彭博,IPO
赣锋锂业计划启动香港IPO,2018-07-19 15:53:22,,赣锋锂业据悉计划在夏季过后启动香港IPO。（IFR）,IFR,IPO
复宏汉霖融资半年内估值翻倍至30亿美元，年内赴港IPO,2018-07-19 12:16:27,http://static.sse.com.cn/disclosure/listedinfo/announcement/c/2018-07-18/600196_20180718_2.pdf,36氪讯，复星医药公告称，其参股公司复宏汉霖引入多家投资机构，融资1.57亿美元，此轮投后估值29.57亿美元，折合人民币约200亿元。6家机构参与此轮投资，正心谷创新资本投资5000万美元，投资方还包括新华创新基金、中金、富国资产管理等机构，老股东Green Tomato本轮跟投。,36Kr,IPO
连界资本战略投资水合资本，双方携手布局母婴、儿童产业,2018-07-18 20:16:36,,36氪讯，7月13日，连界资本与水合资本在北京东外56号签订了投资协议，连界资本战略投资水合资本，将帮助水合资本布局母婴、儿童产业。,36Kr,未透露
美银：做多“FAANG+BAT” 已成3年来最为拥挤的交易,2018-07-18 17:59:52,http://finance.sina.com.cn/stock/usstock/c/2018-07-18/doc-ihfnsvza2167300.shtml,美银调查显示，做多中美科技巨头的“FAANG+BAT“已成市场上最为拥挤的交易，这一拥挤程度仅次于2015年做多美元的交易。对于拥挤的“FAANG+BAT“交易，美银建议采取反向熊市策略，做多黄金，做空美国科技股（15年12月极端做多美元的交易到底顶峰之后，美元指数再6个月里下跌了8%）。（新浪）,新浪,未透露
华大基因测序仪板块拟分拆上市，Pre-IPO估值330亿元,2018-07-18 12:47:57,http://companies.caixin.com/2018-07-18/101305963.html,多家私募机构内部人士证实，华大正在为其测序仪业务融资，融资主体是深圳华大智造科技有限公司，由香港华大基因医疗设备有限公司100%控股。而此次融资按照330亿元（50亿美元）的估值进行，华大计划融资10亿美元，或出让20%的股权。（财新）,财新,IPO
银豆网宣布停止运营：实控人李永刚失联，CEO已报案,2018-07-18 12:10:37,https://www.yindou.com/news/ptgg/6148.html,36氪讯，P2P平台银豆网公告称，由于银豆网实际控制人李永刚失联，资金暂无法兑付，即日起，银豆网将停止运营。平台将会停止发标，所有线上交易无法操作。CEO目前已经报案。银豆网称，他们会想尽一切办法提供线索，配合公安机关缉拿李永刚，追缴资金，最大限度弥补投资人的损失。,36Kr,未透露
推荐营销创企Mention Me获700万美元风险投资,2018-07-18 11:46:04,http://www.lieyunwang.com/archives/445375,近日，伦敦推荐营销创企Mention Me获得了700万美元融资。本轮融资由Eight Roads Ventures领投。Mention Me提供了一个营销平台，它能帮助公司更加简单高效地进行推荐营销。这个平台支持16种语言的推荐项目，最擅长的就是A/B测试、迭代和项目估计。（猎云网）,猎云网,未透露
美报告显示：上半年中国在欧洲投资比在北美多9倍,2018-07-18 11:30:51,http://world.huanqiu.com/exclusive/2018-07/12516900.html,根据美国国际通商法律事务所贝克•麦肯齐的最新研究报告，今年上半年，中国方面最新宣布的在欧并购规模是200亿美元，而同期在北美的并购只有25亿美元。而已经完成的投资额中，欧洲（120亿美元）是北美（20亿）的6倍。报告称，中国和美国的政策都在推动这样的转变发生。双方的立法机构都会采取行动保护本国产业，防止资本外流。（环球网）,环球网,未透露
借助风投，中国资本继续流入美国尖端技术,2018-07-18 11:18:54,https://3g.163.com/tech/article/DN0A4G2N00097U7R.html#adaptation=pc,据《华尔街日报》报道，更严格的国家安全审查限制了中国在美国的交易，但一项新的研究显示，通过监管宽松的风险资本投资，中国的资本今年正以创纪录的速度流向美国的尖端技术。从2000年到2018年5月，中国参与了美国初创企业的1300多轮融资，投资总额估计达到110亿美元左右。（网易科技）,网易科技,未透露
Nervos 获来自红杉和万向等2800 万美元融资,2018-07-18 08:32:33,http://36kr.com/p/5143474.html,公链项目 Nervos Network 宣布获得 2800万美元私募轮融资，红杉资本中国基金及万向区块链为本轮领投方。本轮融资将用于 Nervos Network 构建产品和壮大团队，加速其企业区块链解决方案的开发和战略合作伙伴的拓展。（星球日报）,星球日报,未透露
世界杯球迷在莫斯科花费超过15亿美元,2018-07-18 07:50:10,http://world.huanqiu.com/exclusive/2018-07/12512940.html,俄罗斯卫星通讯社消息，莫斯科市长谢尔盖·索比亚宁在第八届莫斯科城市论坛上表示，前往莫斯科观看世界杯比赛的球迷总共花费了约966亿卢布（15.5亿美元）。索比亚宁还说，为举办世界杯而花费在体育基础设施上的费用得到补偿。（环球网）,环球网,未透露
融资需求大增，港股IPO潮涌,2018-07-18 07:47:05,http://www.cs.com.cn/gg/ggyw/201807/t20180718_5842974.html,今年以来已有100余家企业登陆港股，其中不乏内地新经济领军企业。即便期间近七成公司遭遇破发，多家上市公司调低发行价，企业IPO热情依然不减。“除港股市场自身改革对新经济企业包容度提升的原因以外，在去杠杆背景下，企业通过上市进行融资的需求大增。”华北某私募股权投资人士说道。 （中证报）,36Kr,IPO
P2P资金一周净流出40亿,2018-07-18 07:37:03,http://epaper.21jingji.com/wap/html/2018-07/18/content_90382.htm,随着P2P平台陆续“爆雷”，整个行业成交量与资金流入额双双呈现快速下滑趋势。融360监测数据显示，上周（7.07-7.13）网贷行业成交量为405.17亿元，较前周环比回升下降5.90%，当周资金净流出额高达40.47亿元，其中14家平台资金净流出额均超过亿元。（21世纪经济报道）,21世纪经济报道,未透露
互联网浏览器Opera将于7月27日挂牌纳斯达克,2018-07-17 16:13:09,https://www.ipoboutique.com/cgi/info/OperaLimited-OPRA,美国财经网站IPOBoutique网站公布的信息显示，互联网浏览器Opera将于2018年7月27日在美国纳斯达克挂牌上市，发行价区间为10-12美元，共发行900万股，承销商为CICC及花旗银行。,36Kr,未透露
美国上市的百济神州计划在香港第二上市,2018-07-17 14:56:49,,据IFR报道，美国上市的百济神州计划在香港第二上市。百济神州是一家专注于开发和商业化用于癌症治疗的创新型分子靶向和肿瘤免疫药物的生物医药公司。,36Kr,未透露
百事可乐将被纳入纳斯达克100指数,2018-07-17 12:33:04,,据新浪报道，百事可乐将被纳入纳斯达克100指数，自2018年7月23日生效。,36Kr,未透露
歌礼香港IPO拟募资高至4.57亿美元，GIC为基石投资者,2018-07-17 12:01:00,,获高盛支持的中国创新药物开发企业歌礼申请在香港上市，据交易文件显示，歌礼在香港首次公开募股(IPO)中以每股12-16港元发行2.241亿股股票。（新浪）,新浪,IPO
凯辉并购基金二期完成首轮6亿欧元资金募集,2018-07-17 10:34:03,,36氪获悉，近日，凯辉基金宣布其凯辉并购基金二期完成首轮6亿欧元资金募集。凯辉并购基金二期目标基金规模为12亿欧元，得到了包括基石投资人国开金融和法投行等凯辉历史基石投资人的支持，并吸引了多家主权基金、机构投资者和家族投资人的加入。据悉，凯辉并购基金二期将于2018年下半年开始投资期，并预计2019上半年完成最终资金募集。,36Kr,首轮
跨境支付服务提供商PPRO获5000万美元战略融资,2018-07-17 08:52:39,http://www.lieyunwang.com/archives/445329,伦敦创企PPRO获5000万美元融资，由PayPal领投。目前，PPRO接受140种支付方式，接下来它计划为更多的国家提供服务，并涵盖更多的支付方式。而PayPal在进行了一系列收购后进行了这笔投资，它似乎在寻求新的方式在成熟市场和成熟商业线中寻求增长。（猎云网）,猎云网,未透露
区块链平台Block.one据称将获Peter Thiel和比特大陆的投资,2018-07-17 08:14:08,,据知情人士透露，区块链平台Block.one接近宣布一轮新融资，引入Peter Thiel和中国亿万富豪吴忌寒的比特大陆这两位新投资者。该知情人士还表示，新的这轮投资可能最早在本周宣布。本轮的其他联合投资者包括Moore Capital Management LP的创始人Louis Bacon，以及对冲基金界亿万富翁Alan Howard。融资规模目前尚无法得知。（彭博）,彭博,未透露
中国女性消费推动跨境交易，市场将达7000亿美元,2018-07-16 16:51:03,http://tech.huanqiu.com/internet/2018-07/12502367.html,据外媒消息，中国女性在微信等移动支付软件上正在推动跨境交易，预计到2019年，中国的“她经济”市场规模将达到7000亿美元。（环球网）,环球网,未透露
招联金融获230亿元同业授信额度,2018-07-16 14:53:21,https://www.prnasia.com/story/216965-1.shtml,招商银行审议通过《关于与招联消费金融有限公司的关联交易项目的议案》，同意给予招联金融230亿元同业综合授信额度，授信期限1年。招联金融相关人士表示，将进一步丰富公司资金来源渠道，为公司业务持续发展提供有力保障。（美通社）,美通社,未透露
上半年中资跨境并购达765亿美元，同比增长45.6%,2018-07-16 09:23:45,http://www.21jingji.com/2018/7-14/xMMDEzNzlfMTQzOTgxMQ.html,数据显示，今年上半年新披露的中国跨境并购交易总规模达近765亿美元，较2017年同期增长45.6%，显示出在2016年上半年达到创纪录的并购规模后发生显著下跌的跨境并购，呈现出复苏的态势。（21世纪经济报道）,21世纪经济报道,未透露
薛蛮子回应红杉资反悔投资51信用卡：不是事实,2018-07-14 22:06:27,,36氪讯，薛蛮子针对《薛蛮子实名曝料：红杉答应投资又反悔 51信用卡曾差点发不出工资》新闻回应称，说红杉资本反悔投资51信用卡并不属实，当时孙海涛找薛蛮子时红杉囗头表示了强烈的兴趣，但没有口头承诺任何估值也沒有签任何文字合同。薛蛮子作为个人投资者不需要任何程序，所以当天打了款。,36Kr,未透露
沪深交易所：外国公司股票、同股不同权权公司股票等暂不纳入港股通标的,2018-07-14 14:58:50,http://www.sse.com.cn/aboutus/mediacenter/hotandd/c/c_20180714_4595614.shtml,36氪讯，沪深交易所发布通知，恒生综合指数新增的外国公司、合订证券、不同投票权架构公司的股票等暂不纳入港股通股票范围。,36Kr,未透露
Opera公布IPO发行价区间10-12美元，最高募1.32亿美元,2018-07-14 09:53:50,https://tech.sina.com.cn/i/2018-07-14/doc-ihfhfwmv1763075.shtml,美国东部时间周五Opera向美国证券交易委员会（SEC）递交招股说明书1号补充文件（Amendment No.1），称将在首次公开募股中发行960万股美国存托凭证，相当于1920万股普通股，发行价格区间为10美元至12美元。（新浪科技）,新浪科技,IPO
51信用卡报收9.1港元，市值达108亿港元,2018-07-13 16:10:58,,36氪讯，51信用卡赴港上市首日，报收于9.1港元，上涨7.06%，市值达108亿港元。,36Kr,未透露
飞行出租车初创公司获美军200万美元资金支持,2018-07-13 14:35:03,http://tech.huanqiu.com/it/2018-07/12482632.html,据英国《每日邮报》报道，美国军方已为飞行出租车初创公司Joby Aviation和Kitty Hawk提供200万美元的资金。这笔资金由国防创新试验小组(DIUx)提供，该组织由美国国防部支持，旨在帮助美国军队更有效地利用新兴技术。尽管有军方的参与，飞行出租车将“不配备武器”，这一点已得到证实。（环球网）,环球网,未透露
Glasswing Ventures宣布已为其人工智能基金融资1.12亿美元,2018-07-13 13:08:59,http://www.lieyunwang.com/archives/445242,早期风险投资公司Glasswing Ventures宣布已为其人工智能基金融资1.12亿美元 这笔资金是在18个月内从养老基金、家族办公室、基金会和大学捐赠基金中筹集的，并且将以机器学习的方式支持网络安全和企业软件。（猎云网）,猎云网,未透露
区块链创企Quadrant Protocol获1500万美元融资,2018-07-13 12:35:19,http://www.lieyunwang.com/archives/445238,总部位于新加坡的Quadrant Protocol是一家以使数据行业透明化为目标的区块链公司，该公司已经从30多家支持企业那里以私人代收的形式融资1500万美元。目前，该公司主要与数据供应商、人工智能公司、APP或SDK开发人员、DaaS公司以及大学创新实验室合作。（猎云网）,猎云网,未透露
袁语出任云九资本合伙人，领投四个全新项目,2018-07-13 10:18:24,,36氪获悉，云九资本（Sky9 Capital）近日宣布，袁语正式以合伙人身份加盟该基金投资团队，之后将专注于早期互联网方面的投资，其中包括社交，消费升级，摄像头领域的创新，电子商务和区块链技术。目前，袁语已主导领投了四个初创项目。,36Kr,未透露
VC/PE行业下半年迎拐点,2018-07-13 07:36:32,http://kuaixun.stcn.com/2018/0713/14383534.shtml,募资难成了当前风险投资（VC）/私募股权（PE）机构所面临的最为棘手的问题。与之相关联的，诸多VC/PE机构在投资环节出手也更加谨慎，在业内人士看来，冲突和不确定性成了整个行业今年至今的主旋律。而到了今年下半年，整个行业的拐点或将到来。 （证券时报）,36Kr,未透露
齐家网上市首日破发，收盘股价跌6.39%,2018-07-12 16:26:44,,36氪讯，互联网家装平台齐家网港股上市首日跌破发行价，报收4.54港元，较发行价跌6.39%。,36Kr,未透露
映客上市首日涨10.65%，收盘报4.26港元,2018-07-12 16:10:35,,36氪讯，映客港股上市首日，收盘报4.26港元，较发行价3.85港元上涨10.6%。,36Kr,未透露
宁德时代今日涨停，股价创上市以来新高,2018-07-12 14:53:14,,36氪讯，宁德时代午后拉升至涨停。股价创上市以来新高，报收于84.77元，上涨10%，总市值达1841亿元。,36Kr,未透露
紫光集团为收购Linxens筹得15亿欧元的过桥贷款,2018-07-12 12:40:54,,彭博援引知情人士透露，紫光集团与四家银行签署了15亿欧元的一年期过桥信贷安排，为计划中收购法国智能卡器件制造商Linxens的交易提供支持。委任的牵头安排行和簿记行：瑞信，德意志银行，中国工商银行，法国外贸银行。,36Kr,未透露
熊猫资本完成二期人民币基金募资，签约交割规模7亿元,2018-07-12 11:43:23,http://www.lieyunwang.com/archives/445173,36氪讯，熊猫资本二期人民币基金最终签约交割规模7亿元，二期人民币基金主要出资人包括中金启元、天创投、红杉资本、IDG、紫荆资本等母基金和投资机构。同时，熊猫资本一期美元基金即将完成首期封闭募集。,36Kr,未透露
康卡斯特拟340亿美元收购Sky，超福克斯报价,2018-07-12 11:23:43,https://tech.sina.com.cn/i/2018-07-12/doc-ihfefkqq8384416.shtml,美国最大的有线电视公司康卡斯特将英国天空电视台的收购报价提高至340亿美元，超过传媒大亨默多克麾下21世纪福克斯公司的报价。一份声明称，康卡斯特现在为天空提供每股14.75英镑的收购价。这样一来，英国最大的付费电视供应商的市值将达到260亿英镑。这比已经拥有欧洲广播公司股份的福克斯提出的每股14英镑的报价方案高出了5.4％。（新浪）,新浪,未透露
花旗：未来或将有数万亿美元资本流入中国市场,2018-07-11 20:41:49,http://www.cs.com.cn/xwzx/hg/201807/t20180711_5839572.html,花旗相关分析师预测，随着资本市场投资的进一步开放和成熟，未来7-8年，全球或将有数万亿美元资本流入中国市场。中长期而言，丰富A股市场投资主体及拓宽资金入市渠道，有利于吸引更多海外资金投资大中华市场。（中证网）,中证网,未透露
同城物流公司“叮咚传送”获千万元级融资,2018-07-11 19:28:14,http://36kr.com/p/5142158.html,36氪近日获悉，智能配送公司“叮咚传送”获千万元级天使轮融资，投资方为梅花创投。目前，叮咚传送的目标客户主要是订阅式电商，以及新型独立生态电商公司。叮咚传送联合创始人兼 CEO 祁萌表示，叮咚传送的同城服务半径可达 50~100 公里，2~5 小时可送达，价格统一为 15元/10kg（不计距离）。,36Kr,未透露
狮桥集团获10亿人民币战略融资，百度、阳光融汇资本联合领投,2018-07-11 17:13:51,,36氪讯，7月11日，中国商用车智慧服务平台狮桥集团宣布完成一轮由百度、阳光融汇资本联合领投的10亿人民币战略融资。据悉，狮桥将联合百度阳光保险在AI风控技术、智能驾驶、车联网、金融和保险等服务方向展开深度合作，围绕商用车算生命周期的不同环节打造智慧金融服务平台。,36Kr,未透露
招商局基金斥800万美元入股中国自动驾驶技术公司小马智行,2018-07-10 18:30:39,http://www.hkexnews.hk/listedco/listconews/sehk/2018/0710/LTN20180710296_C.pdf,36氪讯，招商局中国基金公布，透过其子公司敏星投资出资800万美元入股中国自动驾驶方案技术研发公司——小马智行，占对方增资后不少于0.8%的股权。,36Kr,未透露
小米将纳入富时中国50指数，中兴通讯被剔除,2018-07-10 14:56:42,https://www.zhitongcaijing.com/content/detail/137336.html,国际指数编制公司富时指数发布消息称，将于7月13日收市后正式将小米纳入富时中国50指数，并于7月16日正式生效，同时，中兴通迅将于同日被剔除。（智通财经）,智通财经,未透露
美团龙珠资本首期人民币基金募资完成,2018-07-10 14:40:26,https://mp.weixin.qq.com/s/-CDDohL6ZzslFa21JnIQ6A,36氪讯，美团点评产业基金龙珠资本首期人民币基金宣布完成最终交割。龙珠资本首期人民币基金最终签约交割规模20亿元，超出原定15亿元的目标规模。基金出资人包括美团、腾讯等产业投资人和国创开元母基金、诺亚歌斐、湘江盛世母基金、招商局资本母基金等投资机构。,36Kr,未透露
小米上市破发，估值压力传至一级市场,2018-07-10 07:51:14,,昨日，小米集团上市首日即告破发。此前，在港股上市的平安好医生、众安在线、雷蛇、易鑫集团也在上市不久后跌破发行价，部分一级市场投资者出现亏损。业内人士认为，随着二级市场估值不断下降及一二级市场估值倒挂现象的出现，估值压力已向一级市场传导。（中证网）,中证网,未透露
6只战略配售基金均于7月5日生效，合计认购1049.18亿元,2018-07-09 21:36:43,http://kuaixun.stcn.com/2018/0709/14374404.shtml,证监会网站消息，6只战略配售基金均于2018年7月5日生效，合计认购1049.18亿元。（证券时报）,证券时报,未透露
摩根士丹利：把美国科技股评级从“持股观望”下调至“低配”,2018-07-09 17:01:27,,摩根士丹利：把美国科技股评级从“持股观望”下调至“低配”；把美国电信服务类股评级从“低配上调”至“持股观望”。（彭博）,彭博,未透露
招商银行：对乐视授信整体风险可控,2018-07-09 16:40:45,,36氪讯，招商银行在互动平台表示，乐视集团风险事件发生后，公司及时采取风险管控措施，积极协调各方通过法律渠道推动事件解决，截至目前整体风险情况可控。,36Kr,未透露
“神中e首营”获5000万元融资,2018-07-09 13:52:12,http://36kr.com/p/5142282.html,36氪获悉，医药数字化云服务商神中科技宣布其神中“e首营”项目获得5000万元投资，具体资方目前不便透露。本轮融资将主要用于其“首营资料电子交换平台”的全国业务拓展、自主科研投入、人才引进等。,36Kr,未透露
知乎新一轮融资即将落定，估值20亿美金,2018-07-09 11:05:54,,据多位接近交易人士，知乎新一轮融资接近尾声，估值约20亿美元。上述知情人士还透露，知乎上一轮资方今日资本和腾讯继续参与了本轮融资。这笔融资或于近期正式对外公布。截止目前，知乎共完成5轮融资，融资总额接近1.8亿美元。去年1月份，知乎完成D轮1亿美元的融资，由腾讯产业共赢基金、今日资本、创新工场、启明创投等共同投资。（财联社）,财联社,轮
瑞士证券交易所：计划推出数字货币交易所,2018-07-06 16:22:12,,据BusinessInsider消息，瑞士证券交易所（SIX）宣布，计划推出一项全面监管的数字货币交易所。SIX首席执行官Jos Dijsselhof称，虽然现在BTC价格相较熊市价格有所下跌，但该机构对数字货币领域有着持续的兴趣。SIX还表示，新的数字货币交易所将由瑞士国家银行和瑞士监管机构INMA进行监管。,36Kr,未透露
港媒：中国单季度吸引风险投资额首次超越北美,2018-07-06 13:49:24,http://www.cankaoxiaoxi.com/finance/20180706/2288846.shtml,据《南华早报》报道，在蚂蚁金服140亿美元融资帮助下，中国今年第二季度在吸引风险投资方面首次超越北美。报道称，根据Crunchbase的一份报告，截至6月份的这个季度，中国初创公司筹集的风险投资额占全球筹集的风险投资总额的47%，美国和加拿大加在一起占35%。（参考消息）,参考消息,未透露
摩根大通将网易股票评级上调为“增持”,2018-07-06 10:30:02,https://tech.sina.com.cn/i/2018-07-06/doc-ihexfcvk3643121.shtml,摩根大通分析师在周二发布的研报中将网易股票评级从“减持”上调至“增持”。还有BidaskClub在3月17日的报告中该股评级从“卖出”上调至“持有”。Zacks Investment Research则在3月8日的报告中也把网易股票评级从“卖出”上调至“持有”。（新浪）,新浪,未透露
红旗连锁修正业绩预告，上半年净利润增速最高或达58%,2018-07-06 08:53:06,http://www.szse.cn/disclosure/listed/bulletinDetail/index.html?d0bf9f3b-48df-4ba6-8e8a-6e396f2eff5f,36氪讯，红旗连锁发布公告显示，预计其上半年净利润将达到13300.54万元至15566.56万元，同比变动幅度为35%至58%。此前披露的净利润同比增幅为5%至20%。对于调高业绩预告，红旗连锁解释道，公司加强大数据的运用及分析、持续对门店商品结构进行调整，同时，公司投资的新网银行扭亏为盈。,36Kr,未透露
新经济公司扎堆赴港上市 香港成创投退出新阵地,2018-07-06 08:47:10,http://wap.stcn.com/dzb/2018-07-06/1174990.htm,进入2018年，内地新经济公司赴港上市速度加快，仅在7月3日一天就有11家公司提交了上市申请。包括小米、美团点评、映客、同程艺龙、找钢网、沪江教育网、宝宝树、猎聘网在内的很多内地知名新经济公司纷纷提交了香港IPO申请或已经挂牌。众多业内人士表示，美元基金有望成为背后最大赢家。（证券时报）,证券时报,未透露
Airbnb爱彼迎向城宿投资5百万美元,2018-07-06 08:26:47,,36氪讯，Airbnb爱彼迎宣布向城宿投资5百万美元。城宿的主要业务是为那些愿意与旅行者分享空间的房屋所有者和管理者们提供各种必要的运营服务。这将增加Airbnb爱彼迎在中国各地的高质量房源供给，为Airbnb爱彼迎房东提供更多线下资源和服务。城宿将这笔资金用于扩大他们在中国的线下运营业务。,36Kr,未透露
小米公布7位基石投资者持股，合共认购占发售股份约11.58%,2018-07-06 08:24:30,,其中中国移动国际控股有限公司认购4616万股发售股份、中投中财娱乐认购8824万股发售股份、招商局子公司认购1294万股发售股份、保利集团子公司认购1454万股发售股份、高通子公司认购4617万股发售股份，7位基石投资者合共认购2.52亿股发售股份， 占全球发售完成后已发行发售股份约11.58%。（财联社）,财联社,未透露
北京文化：公司总投《我不是药神》7500万，票房3亿可回本,2018-07-06 07:23:40,http://www.nbd.com.cn/articles/2018-07-05/1232337.html,北京文化董秘陈晨表示，北京文化是《我不是药神》的主投方之一，投资额1500万元，占比约百分之十几，此外，北京文化主导该片宣发，宣发投入6000万元，总投7500万。陈晨透露，票房3亿元出头，所有的投资方差不多就能回本了。（每经网）,每经网,未透露
上海电影：拟1.22亿元转让天下票仓51%股权,2018-07-05 20:11:52,http://www.egsea.com/index.php?app=Company&mod=Info&act=news&id=262066,上海电影今日晚间公告称，拟将全资子公司天下票仓51%股权，通过上海文化产权交易所挂牌出让，转让价款约为1.22亿元。公司将为天下票仓引入多元化战略资本，加快其转型升级。 （证券时报）,36Kr,未透露
中国上半年IPO：独角兽撑起半边天,2018-07-05 18:37:03,https://mp.weixin.qq.com/s/GZlzt2DIj7_1QBjV_dkqGQ,据彭博汇编的数据，2018年前六个月沪深两市完成IPO定价60笔，仅及去年同期历史高点229笔的四分之一。但受工业富联、宁德时代等独角兽上市推动，IPO募资规模并未出现如此大幅的下降，合计募集人民币900.06亿元，较上年同期的1146.49亿元仅下降21.5%。工业富联和宁德时代占到总募资金额的36%，若剔除这两家独角兽公司影响，上半年IPO募资金额同比减少五成。,36Kr,IPO
法国风投公司ISAI募资1.75亿美元,2018-07-05 13:51:48,http://www.lieyunwang.com/archives/444860,法国风险投资公司ISAI完成了1.75亿美元的融资，被称为ISAI扩展基金II，本轮融资是为公司后期投资准备的。该公司称，在不到三个月的时间内筹集了这支增长基金，且团队计划每笔投资将保持在600万至3500万美元之间。（猎云网）,猎云网,未透露
数字营销创企Albert获1800万美元Post-IPO融资,2018-07-05 13:49:23,http://www.lieyunwang.com/archives/444862,Albert Technologies宣布获1800万美元Post-IPO融资，投资方包括Schroder Investment Management、Hargreave Hale和Old Mutual Global Investors。Albert的人工智能平台能为全世界的品牌生成营销方案。（猎云网）,猎云网,IPO
Earlybird新基金筹资1.75亿欧元,2018-07-05 11:41:29,http://www.lieyunwang.com/archives/444854,欧洲风投公司Earlybird宣布完成1.75亿欧元筹资，这笔基金主要专注于欧洲地区早期阶段的“深度技术”创企。这个基金的名字叫“Digital West”，成立于2016年，它完成的筹资数额超出了最初目标17%。Digital West基金主要针对欧洲西部的创企。（猎云网）,猎云网,未透露
中国铁塔最快7月12日招股，7月26日挂牌,2018-07-05 09:28:08,http://tech.qq.com/a/20180705/013643.htm,据港媒报道称，中国铁塔最快于7月12日招股，26日挂牌；外电引述保荐人中金及高盛的报告，对其估值介于2180亿至3400亿元人民币。铁塔昨天正式向机构大户做预路演，传其集资额介乎80亿至100亿美元(折算约624亿至780亿港元)，有望问鼎今年“募资王”。（腾讯）,腾讯,未透露
浙江龙盛：间接持有滴滴出行、宁德时代和哔哩哔哩股份,2018-07-05 08:46:48,http://static.sse.com.cn/disclosure/listedinfo/announcement/c/2018-07-05/600352_20180705_3.pdf,36氪讯，浙江龙盛发布半年度业绩预增的补充公告称，公司间接持有小桔快智公司（滴滴出行）约0.1%股份，间接持有宁德时代约0.05%股份，间接持有药明康德和药明生物各约0.08%股份，间接持有哔哩哔哩约1.4%股份。,36Kr,未透露
新一轮赴港上市潮涌现，新经济“独角兽”企业领跑,2018-07-05 07:06:05,,进入夏季，内地赴港上市的企业数量以每月超过10家的速度增长，若势头延续，则2018年全年内地赴港IPO的企业大有破百家之势，可谓历史之最。2018年赴港上市的35家企业中募资金额超过10亿港元的企业有19家，占比54%，较2017年高出16个百分点。在已上市的企业中，除中国新华教育外，其他企业的最新市值均超过了10亿美元，达到了“独角兽”企业的估值认定标准。（证券时报）,证券时报,轮
远程医疗平台American Well获超过2.9亿美元融资,2018-07-04 18:38:01,http://36kr.com/p/5141543.html,36氪获悉，据美国证券交易委员会提交的文件，创业公司 American Well 已获得了超过 2.9 亿美元融资，本轮由飞利浦和 Allianz X 领投。本轮的新资金则将主要用于发展 American Well 的虚拟医生业务。,36Kr,未透露
代币投资平台Republic获1200万美元融资,2018-07-04 17:46:51,http://36kr.com/p/5141660.html,据星球日报报道，近日，代币投资平台Republic宣布完成了1200万美元的融资，由Binance Labs和Neo Global Capital ECO Fund领投，其余参投方还包括真格基金、ZK Capital、East Chain Co.等。同时，Republic宣布将发行自己的代币，作为平台流通手段。,36Kr,未透露
万达电影重组被深交所问询，要求进行补充说明,2018-07-04 15:22:05,http://money.163.com/18/0704/14/DLSKJF1B00258105.html,深交所下发对万达电影的重组问询函，要求其对披露的《发行股份及支付现金购买资产暨关联交易报告书》进行完善和补充说明。据悉，此前万达电影拟向万达投资等21名交易对方支付现金及发行股份购买其持有的万达影视传媒有限公司96.8262%的股权。（网易）,网易,未透露
消息称映客IPO定价3.85港元，已超额三倍认购,2018-07-04 15:11:31,http://tech.qq.com/a/20180704/030876.htm,有消息称，映客港股IPO最终定价为3.85港元，此前据映客招股书披露，发行价区间为3.85至5港元，发行3.02亿股。市传映客目前的国际配售已超额三倍认购，获得众多著名中美基金认购。（腾讯）,腾讯,IPO
报告：中国二季度风投金额占全球47%份额，超越北美,2018-07-04 11:18:09,https://tech.sina.com.cn/it/2018-07-04/doc-ihevauxk0904431.shtml?cre=tianyi&mod=pctech&loc=3&r=25&doct=0&rfunc=53&tj=none&tr=25,投资机构数据库Crunchbase公布报告，对2018年二季度全球风险投资（VC）市场进行总结。数据显示，二季度风投交易宗数和交易金额上升。中国创业公司占了47%的份额，美国、加拿大企业合计占了35%。这是中国企业的风投融资额第一次超过北美企业。（新浪）,新浪,未透露
绿城中国获8亿美元低息融资,2018-07-04 10:52:16,http://www.zqrb.cn/gscy/qiyexinxi/2018-07-04/A1530636943870.html,36氪讯，绿城中国公告称，公司与汇丰银行等香港18家主要银行签订总金额为等值8亿美元、年利率按HIBOR／LIBOR＋2.565%的三年期无抵押贷款协议。该笔贷款将主要为公司现有境外债务再融资，贷款将于贷款协议日期起计36个月内最终还款日期前分期偿还。（证券日报）,证券日报,未透露
桥水基金正式入华,2018-07-04 08:45:46,http://gs.amac.org.cn/amac-infodisc/res/pof/manager/1803051145109255.html,36氪讯，据中国证券投资基金业协会网站，世界头号对冲基金桥水已经完成备案登记，正式成为境内私募管理人。公示显示，桥水（中国）投资管理有限公司注册5000万人民币，企业性质为外商独资。,36Kr,未透露
老年按需护理服务平台Homage获415万美元融资,2018-07-04 08:06:25,http://36kr.com/p/5141501.html,36氪讯，Homage再获415万美元新一轮融资。本轮融资中，Golden Gate Ventures、SeedPlus 继续跟投，HealthXCapital 、 Juha Paananen（Nonstop Games 首席执行官）等共同参投。本轮资金将用于全球化扩张。,36Kr,未透露
植物蛋白食品和饮料公司 Califia Farms获超5000万美元融资,2018-07-03 19:18:28,http://36kr.com/p/5141448.html,据外媒报道，植物蛋白食品和饮料公司 Califia Farms  已完成了超过5000万美元的融资。本轮由Ambrosia Investments 领投，原有资方 Sun Pacific 和 Stripes Group 跟投。新资金将用于提升工厂产能，加快新产品的面市和商业化。,36Kr,未透露
蚂蚁金服斥资近1亿美元投资雪球,2018-07-03 19:00:24,https://mp.weixin.qq.com/s/z2TSAS-fQNmpnPPDpr_jxg,蚂蚁金服近日斥资近1亿美元投资了社交投资网站雪球，交易将于近期完成交割。陈一舟旗下人人公司在此次交易中有大幅减持，但仍保留了少量雪球的股权。据知情人士透露，此轮融资中雪球的估值约为4到5亿美元。（雷帝触网）,雷帝触网,未透露
摩根大通成为“债券通”做市商：已完成首笔交易,2018-07-03 14:44:55,https://finance.qq.com/a/20180703/029966.htm,摩根大通银行（中国）有限公司今日宣布，在“债券通”开通一周年之际，该行已正式获得债券通做市商资格并顺利完成该行的首笔交易。摩根大通中国将作为报价机构之一来服务内地与香港债券市场互联互通机制下的“北向通”业务。（腾讯）,腾讯,未透露
普华永道合伙人：中国今年IPO交易可能降至100~120桩,2018-07-03 14:39:18,,普华永道中国内地及香港市场主管合伙人林智怡表示：中国今年IPO交易可能降至100~120桩，中国公司料在今年IPO中募集2000亿元人民币。（彭博）,彭博,IPO
李小加：港股大跌属正常反应 市场无需大惊小怪,2018-07-03 12:54:52,,港交所行政总裁李小加：昨日香港因假期休市，但其他市场开放，当中A股出现较大的震荡。现时国际市场状况仍未明朗，贸易战的威胁仍然存在，影响投资情绪，因此股市波动亦属于正常反应，市场无需大惊小怪。（香港经济日报）,香港经济日报,未透露
恒指跌幅一度扩大至3%,2018-07-03 09:50:31,,恒指跌幅一度扩大至3%，跌850点。（财联社）,财联社,未透露
离岸人民币兑美元跌破6.70关口,2018-07-03 09:22:19,,离岸人民币兑美元跌破6.70关口，为2017年8月以来首次。（彭博）,彭博,未透露
小米的港股之旅或将成为内地独角兽上市的风向标,2018-07-03 07:18:30,,6月29日，小米最终确定发行价格17港元，估值约为540亿美元，低于市场预期。据境外机构投资者，港股市况不佳、小米前期估值过高、基本面与经营模式待观望等因素，成为市场反应不及预期的主因。下半年美团、同程艺龙、映客、找钢网、沪江等多家互联网企业计划赴港上市，有业内人士认为，未来独角兽股价炒作和高估值的可能性不大，基本面仍然是定价的关键。（21世纪经济报道）,21世纪经济报道,未透露
齐家网推迟IPO时间至7月12日,2018-07-03 07:10:23,,互联网家装平台齐家网宣布将香港IPO时间由7月5日推迟至7月12日，定价4.85港元/股，低于招股区间。（财联社）,财联社,IPO
中国推出千亿元科技基金 挑战软银“愿景基金”,2018-07-02 20:20:12,,中国招商局集团、中国资产管理公司SPF集团和伦敦投资公司Centricus日前联合宣布，将推出一只150亿美元的科技投资基金。这只基金名为“中国新时代科技基金”，规模为1000亿元人民币合(约合150亿美元)，希望成为中国版“愿景基金”，后者由软银集团创建，规模为1000亿美元。（路透）,路透,未透露
纳斯达克：已与印度国家证券交易所签署技术和战略合作协议,2018-07-02 18:28:49,,纳斯达克（NDAQ）周一宣布，已与印度国家证券交易所（NSE)签署技术和战略合作协议。（新浪）,新浪,未透露
余额宝“分流”两个月，天弘单支基金规模下降超2000亿,2018-07-02 16:11:38,"http://news.cnstock.com/news,bwkx-201807-4240810.htm",6月底，多家基金公司公布了半年报。数据显示，自今年5月初余额宝开放接入其他货币基金产品以来，“分流”成效显著，天弘基金单支基金规模下降超过2000亿元。（中证网）,中证网,未透露
电动滑板车创企Spin计划发行加密数字货币，欲筹集1.25亿美元,2018-07-02 07:49:26,http://www.lieyunwang.com/archives/444687,Spin试图筹集近1.25亿美元的安全令牌产品（STO），目前该公司尚未正式在交易所出售其代币。知情人士称，Spin可能会把交易列在多个加密数字货币的交易所上，但它正在等待更多像Coinbase一样的主流交易所来支持STO。STO被广泛认为是一个更安全版本的首次币发行。（猎云网）,猎云网,未透露
招商局集团等联手Centricus推1000亿元科技投资基金,2018-07-02 07:15:20,http://finance.sina.com.cn/stock/usstock/c/2018-07-02/doc-ihespqry3236765.shtml,路透社称，全球投资公司Centricus与中国招商局集团以及SPF集团周日宣布，将推出一个规模达1000亿元人民币的科技投资基金。三公司表示，该基金将被用于投资和收购科技公司，主要是在中国，但也包括全球其他地区。招商局集团旗下招商资本投资管理有限公司及其他中国投资者将向该基金贡献至多40%的资金。（新浪）,新浪,未透露
巴曙松：互联互通机制可借鉴，扬长避短用好“CDR”,2018-07-01 11:35:33,https://www.yicai.com/news/5435787.html,巴曙松表示，现在中国证券监管部门，一直把CDR的风险作为引入CDR形式非常重要的政策重点。现在还处于试点阶段，下一步还可以充分利用好CDR这种形式，吸引一些新基金公司回归，给国内投资者提供新的投资标的，其实也有很多可供选择的方案，现在是基础制度的创新，已经有很大的进展，运转平稳后，陆续有一系列可以推出来的创新。（一财）,一财,未透露
A股这半年，北上资金净买入1602亿,2018-06-30 12:25:48,http://baijiahao.baidu.com/s?id=1604667629163122720&wfr=spider&for=pc,今年以来，北上资金累计成交净买入1601.85亿元，其中，沪港通净买入854.79亿元，深港通净买入747.06亿元。在沪股通中，北上资金共对贵州茅台、中国平安、伊利股份等9股持有市值超100亿元。深股通方面，北上资金对美的集团、格力电器、五粮液等5股持有超百亿市值。（券商中国）,券商中国,未透露
高榕资本张震：拼多多还需要更多发展时间,2018-06-29 18:28:59,https://tech.sina.com.cn/i/2018-06-29/doc-iheqpwqz0003318.shtml?cre=tianyi&mod=pctech&loc=3&r=25&doct=0&rfunc=53&tj=none&tr=25,高榕资本是拼多多A轮、B轮的连续领投机构，高榕资本创始合伙人张震表示，他相信拼多多能够在巨头的竞争下存活下来，但同时他也指出，拼多多还是很早期的公司，他希望大家能够更理性地看待它，“因为它现在成长才三年时间，所以我觉得它还需要更长的时间去发展。”（新浪）,36Kr,未透露
投行证实拼多多拟赴美上市，近期将提交招股书,2018-06-29 18:08:14,http://www.bjnews.com.cn/finance/2018/06/29/493169.html,多位独立的消息人士透露，拼多多确实计划赴美上市，并将在近期向SEC提交招股书，承销商为高盛和中金。高盛也已证实这一消息，“在给拼多多做上市资料”。（新京报）,新京报,未透露
智能平台Yoobic 获 2500 万美元融资,2018-06-29 16:40:29,http://36kr.com/p/5140917.html,据外媒消息，智能平台Yoobic 近日获得了 2500 万美元的融资， Insight Venture Partners 领投，A轮融资的资方 Felix Capital 本轮跟投。资金将用于市场拓展，将业务从英国和欧洲拓大到美国。,36Kr,未透露
高榕资本张震：海淘和办公室无人货架领域的投资风险较大,2018-06-29 16:12:50,http://tech.qq.com/a/20180629/032314.htm,高榕资本创始合伙人张震在接受彭博采访时表示，对中国VC而言，海淘和办公室无人货架领域的投资风险较大。当时几乎每家机构都在投资海淘，但是我们没有投。我们做了分析，但是看不到差异性和核心竞争力。还有办公室无人货架，很多机构蜂拥进去，投了很多办公室的无人值守货架，今天看来跑在前面的几家公司基本处境都比较艰难。（腾讯）,腾讯,未透露
大连万达旗下传奇影业公司募集10亿美元,2018-06-29 13:01:35,,据彭博报道，大连万达旗下传奇影业公司把融资规模从最初的5.85亿美元提高到10亿美元。,36Kr,未透露
上实集团和上海医药集团将主办成立上海生物医药产业基金，规模500亿元,2018-06-29 10:36:40,https://www.cailianpress.com/roll/254027,从上海医药董事长周军处获悉，该公司与上实集团将联手打造上海生物医药产业基金，一期规模100亿元以上，最终规模约500亿元。“这个不是简单的投资基金，而是一个平台”，周军表示，两家公司未来将打造若干个大平台来推动上海医药生物医药产业的发展。（财联社）,财联社,未透露
网约车平台Go-Jek计划融资15亿美元,2018-06-28 21:50:03,http://tech.qq.com/a/20180628/042496.htm,据外媒报道，在Uber退出东南亚市场的几个月之后，该地区网约车市场的竞争远未结束。消息人士透露，来自印尼的Go-Jek正展开谈判，计划在新一轮融资中筹集约15亿美元。该公司此前的投资方包括腾讯和谷歌等。一名知情人士说，Go-Jek在今年早些时候的前一轮融资中估值约为48亿美元。,36Kr,未透露
音乐教育科技公司JoyTunes融资1000万美元,2018-06-28 19:45:57,https://www.jiemodui.com/N/97370.html,来自以色列的音乐教育科技公司JoyTunes完成了1000万美元的最新融资。目前，JoyTunes旗下有两个主要移动应用，一个是Simple Piano，是公司的主应用，目前的全球下载量超过了1000万，并且曾经被Google公司和苹果公司推选为最佳移动应用的荣誉。（芥末堆）,芥末堆,未透露
法国创企 Taster 获 400 万美元融资,2018-06-28 18:52:12,http://36kr.com/p/5140763.html,36氪获悉，法国专门提供线上的外卖餐食的创业公司Taster刚刚完成一轮 400万 美元的融资。领投方为 Sunstone Capital，其他投资方包括 Global Founders Capital、Thierry Gillier 和 LocalGlobe。,36Kr,未透露
海信获得斯洛文尼亚电器品牌Gorenj95.42%的股权,2018-06-28 18:46:45,,斯洛文尼亚电器品牌Gorenj在监管文件中披露，海信获得其95.42%的股权。（彭博）,彭博,未透露
清华紫光集团据悉就以25亿美元收购LINXENS进行商谈,2018-06-28 18:15:01,,清华紫光集团据悉就以25亿美元收购LINXENS进行商谈。（彭博）,彭博,未透露
报告：硅谷科技创业中心地位被削弱 北京上海快速跟进,2018-06-28 07:18:06,https://wallstreetcn.com/articles/3347745,调研公司CB Insights发布报告称，在过去的6年间，硅谷科技初创公司吸引了1400亿美元的风险资金，为全球吸引风险投资最多的城市。与此同时，北京和上海正在快速跟进，这两座城市的科技初创公司分别吸引了720亿美元和230亿美元的风险资金，总计950亿美元。北京、上海的独角兽数量分列全球第二和第四位。（华尔街见闻）,华尔街见闻,未透露
优信登陆纳斯达克 本次IPO共募集资金4亿美元,2018-06-27 21:56:40,http://tech.qq.com/a/20180627/033790.htm,据了解，优信本次IPO每股发行价为9美元，加上同时发行的可转债，共募集资金4亿美元。（腾讯一线）,腾讯一线,IPO
上半年香港IPO达101宗 数量全球第一,2018-06-27 21:48:00,,德勤报告数据显示，2018年上半年香港IPO数量达到全球首位。而港交所则预计截至6月30日，将有101只新股上市，同比增加49%，合计募资金额高达503亿港元。众多新经济类公司掀起赴港上市热潮，近期更是尤为密集。香港某中资券商分析师表示，港股IPO到2018年9-11月才会迎来真正的高峰。（证券时报）,证券时报,IPO
花椒与六间房合并：刘岩为首任总经理，360系持近40%股权,2018-06-27 20:23:59,http://disclosure.szse.cn/finalpage/2018-06-27/1205099619.PDF,36氪讯，宋城演艺公告，公司全资子公司六间房拟与密境和风（花椒直播运营主体）进行重组，原六间房创始人兼首席执行官刘岩将出任新集团CEO。密境和风的全体股东拟以密境和风的100%股权，认购六间房新增注册资本，六间房整体估值34亿元，密境和风整体估值51亿元，与密境和风重组后的六间房将不再作为公司的并表子公司。交易完成后360系持近40%股权。,36Kr,未透露
东旭蓝天：1500万元投资能源区块链公司融链科技,2018-06-27 20:11:55,http://disclosure.szse.cn/finalpage/2018-06-28/1205100070.PDF,"36氪讯，东旭蓝天与北京融链科技有限公司签署协议，以1,500万元对融链科技增资并取得其20%股权。融链科技是国内领先的能源区块链技术服务商，具备硬件系统设计开发能力、解决方案集成和交付能力，其产品和服务已获得国家能源集团、国家电网公司、中国节能公司等企业的认可，并与华北电力大学、武汉大学等科研机构建立了产学研合作关系。",36Kr,未透露
优信今晚在纳斯达克IPO，发行价为每股ADS 9美元,2018-06-27 19:42:49,http://tech.qq.com/a/20180627/031045.htm,据美国IPO研究公司IPOBoutique.com网站公布的信息显示，优信将于当地时间周三在纳斯达克上市，以每股9.00美元的价格发行2500股ADS。（腾讯一线）,腾讯一线,IPO
机构投资者大多看好映客在港上市，首日国际配售额度不愁卖,2018-06-27 16:08:33,https://finance.qq.com/a/20180627/025050.htm,尽管6月27日是映客国际配售第一天，但据悉，映客的国际配售额度差不多已经被预购完了。一位希望可以参与映客国际配售的机构投资者表示，在此之前并不熟悉映客承销团的人，所以最近并没有获得配售的额度。（腾讯一线）,腾讯一线,未透露
红杉资本完成60亿美元募资，挑战软银愿景基金,2018-06-26 21:39:09,https://tech.sina.com.cn/i/2018-06-26/doc-ihencxtu7146154.shtml,英国《金融时报》今日报道称，作为80亿美元全球基金的一部分，红杉资本(Sequoia Capital)日前完成了第一轮60亿美元的募资。报道称，红杉资本此举也是为了寻求更多火来力挑战愿景基金。分析人士称，拥有更多资金能让红杉资本进一步实施多元化投资战略，把注意力从此前的“初期和成长期”投资转向“IPO前”投资。,36Kr,未透露
痴呆症关怀基金Dementia Discovery Fund获6000万美元注资,2018-06-26 15:09:46,http://www.lieyunwang.com/archives/444503,痴呆症关怀基金Dementia Discovery Fund获AARP 6000万美元注资，这笔资金将用于研发治疗痴呆症及其潜在疾病的新药物。（猎云网）,猎云网,未透露
顶级风投安德森霍洛维茨成立首支加密货币基金,2018-06-26 09:22:36,http://tech.qq.com/a/20180626/010856.htm,据外媒报道，美国顶级风险投资公司安德森-霍洛维茨周一宣布，已经为首只专门投资加密货币公司的基金募集3亿美元。在未来2到3年内，这只基金计划投资加密货币的各个领域，包括早期代币，以及比特币和以太坊等成熟网络。该基金持有这些投资的周期将达到10年。（腾讯）,腾讯,未透露
火星时代3.4亿元收购影视后期公司“楷魔视觉”,2018-06-25 21:52:55,http://disclosure.szse.cn/finalpage/2018-06-26/1205089975.PDF,36氪讯，百洋股份发布公告称，其全资子公司火星时代将以3.4亿元自有现金收购深圳市楷魔视觉80%股权，并公布了对赌细节。本次收购将主要用于帮助火星时代影视后期专业业务提升。同时，2018 年至 2020 年，楷魔视觉承诺2018 年净利润不低于 3600 万元。,36Kr,未透露
银杏教育冲刺IPO,2018-06-25 18:59:21,http://pe.pedaily.cn/201806/432827.shtml,近日，银杏教育向港交所提交了招股书，其2015年至2017年的收益分别为1.21亿元、1.34亿元、1.39亿元，2018年Q1为0.31亿元。银杏教育是一家高等教育服务供应商，侧重于中国酒店行业专业人才培养。银杏教育的所有收入均来自银杏学院，主要营收来自收取的学费及住宿费。（投资界）,投资界,IPO
“公募一哥”任泽松将卸任中邮基金经理,2018-06-25 17:27:49,http://finance.sina.com.cn/money/fund/jjzl/2018-06-25/doc-ihencxtt8795267.shtml,“公募一哥”任泽松将卸任中邮创业基金基金经理一职。任泽松作为80后“公募一哥”2013年受到投资界瞩目，取得很大成功，近两年接连“踩雷”乐视网、尔康制药、宣亚国际，饱受争议。（新浪财经）,新浪财经,未透露
Visa拟投资印度支付公司BillDesk 2.5亿美元,2018-06-25 14:25:43,http://finance.sina.com.cn/stock/usstock/c/2018-06-25/doc-iheirxyf6403397.shtml,三名知情人士透露，数字支付网络Visa将向印度孟买的支付网关公司BillDesk投资2.5亿美元，此轮融资给出的估值大约在15亿到20亿美元之间。知情人士称，之前，BillDesk曾寻求战略出售，但最后还是决定选择进行融资。据称，这轮融资包括一级和次级交易。（新浪）,新浪,未透露
德尔玛电器获中信产业基金5亿战略投资,2018-06-25 11:59:24,http://www.ebrun.com/20180625/283485.shtml,今日，飞鱼集团旗下德尔玛电器正式宣布完成5亿人民币融资，由中信产业基金投资。据悉，完成本轮融资之后，德尔玛电器将加快在品牌营销、产品研发和国际化发展等方面的布局，于加大在产品研发、品牌塑造方面的基础投入。（亿邦动力）,亿邦动力,未透露
美股迎3年来最密集“超级IPO周”,2018-06-25 07:43:47,http://kuaixun.stcn.com/2018/0625/14339688.shtml,本周美股市场将迎来自2015年6月来IPO最密集的一周，12家企业计划在本周内上市。其中，中国的优信二手车估值排名第三，为4.75亿美元。（证券时报）,证券时报,IPO
港股“独角兽”遭遇破发窘境,2018-06-25 07:09:00,http://stock.qq.com/a/20180625/002006.htm?stockcode=sz300750&version=2,香港某私募人士表示：港股“独角兽”企业破发算是意料之中。在香港市场，国际机构投资者占据主导，他们看重的是真实业绩，对某些拥有庞大用户和广阔市场前景，但当下不能实现利润的公司，大都不愿出手。（中证报）,中证报,未透露
今年以来新三板累计成交金额突破400亿元,2018-06-24 14:09:22,http://www.xinhuanet.com/2018-06/24/c_1123027501.htm,根据全国中小企业股份转让系统（新三板）披露数据显示，自今年1月15日新三板实施交易制度、市场分层等新政策以来，新三板累计成交金额达410.40亿元。截至22日新三板挂牌公司共11261家。 （新华社）,36Kr,未透露
保险巨头太平洋人寿宣布16亿元投资蚂蚁金服,2018-06-23 09:36:32,http://tech.qq.com/a/20180622/043298.htm,6月22日，保险行业协会披露的公告显示，中国太平洋人寿保险股份有限公司将对蚂蚁金服进行股权投资，投资金额约16亿元。,36Kr,未透露
六只CDR基金仍未获备案函，最快下周可成立,2018-06-22 18:18:57,https://finance.qq.com/a/20180622/038224.htm,截至本周最后一个工作日，六家公募的六只战略配售基金均未拿到象征着基金成立最后一步的备案函。一位知情人士表示，6月19日小米发声明暂缓CDR发行之后，监管对这六家公募口头指示，基金备案函“不着急，慢慢来”，据其推测，根据以往基金成立流程，六只基金拿到备案函最快也要到下一周。（腾讯一线）,腾讯一线,未透露
快乐购重大资产重组正式获批：芒果TV等作价115亿注入,2018-06-21 21:08:37,http://disclosure.szse.cn/finalpage/2018-06-22/1205080903.PDF,36氪讯，快乐购公告称，收到证监会核发的《关于核准快乐购物股份有限公司向芒果传媒有限公司等发行股份购买资产并募集配套资金的批复》，公司重大资产重组正式获批通过，湖南广电旗下快乐阳光、芒果互娱、天娱传媒、芒果影视和芒果娱乐五家公司整体作价115亿打包注入快乐购。,36Kr,未透露
云计算领域公链Ankr获千万美元融资,2018-06-21 20:12:19,http://36kr.com/p/5139823.html,云计算领域公链Ankr于近日获得了来自J Lab、丹华资本、Pantera、NEO Global Capital、OK资本、BlockVC、LinkVC等机构的1500万美元的融资。Ankr创始人宋云帆透露，融资将用于产品的开发和用户的推广，接下来将有一轮公募，但数额不大。（星球日报）,星球日报,未透露
雄岸基金将豪掷数千万美元投资“车享链”,2018-06-21 19:34:46,http://36kr.com/p/5139800.html,36氪获悉，雄岸基金已敲定投资“车享链”，投资规模为数千万美元。知情人士称，在“车享链”此次融资中，雄岸基金为领投方，将联合国内顶级机构共同投资。,36Kr,未透露
货基集体调整T+0快赎业务：万元上限封顶，有的规定一天不超过5笔,2018-06-21 18:41:12,http://funds.hexun.com/2018-06-21/193247072.html,兴业基金自2018年6月27日起，单个投资者在单个基金销售渠道持有的单只货币市场基金单日T+0快速赎回提现金额上限调整为1万元（含本数）。另外，华夏基金自2018年6月28日起，现金增利（活期通）、财富宝、薪金宝快速取现额度调整为：每人每个自然日对每只基金的快速取现最高不超过1万元。（和讯）,和讯,未透露
华尔街预计康卡斯特将提高报价竞购福克斯,2018-06-21 18:26:39,https://finance.qq.com/a/20180621/040136.htm,21世纪福克斯在一份最新的声明中表示，迪士尼提出的收购条件，要优于通讯巨头康卡斯特在月初的收购要约。华尔街预期，康卡斯特将会提高自己的筹码。迪士尼于20日将收购21世纪福克斯旗下电影及电视资产的出价一举拉高至713亿美元。迪士尼的现金加股票收购方案也高于康卡斯特方案9%。UBS分析师John Hodulik预计，康卡斯特将会提出更高加码竞购。(腾讯一线),36Kr,未透露
消息人士称跨境母婴电商蜜芽筹备香港上市，创始人否认,2018-06-21 18:18:56,https://finance.qq.com/a/20180621/039816.htm,多个独立信源向媒体确认，此前获得多轮融资的跨境母婴电商蜜芽正在筹备香港上市。此前，也有消息源表示，蜜芽正筹备美国上市。蜜芽高管否认了筹备上市的说法，该公司创始人兼首席执行官刘楠说，“暂时没有计划。”（腾讯一线）,36Kr,未透露
智能垃圾回收商小黄狗融资12.3亿人民币,2018-06-21 18:05:20,https://finance.qq.com/a/20180621/039357.htm,智能垃圾分类回收公司“小黄狗”称，该公司获得了中植集团10.5亿元人民币投资，并借由老股转让，获得了一家上市地产公司1.8亿元追加投资。小黄狗表示，其估值已达到60亿元人民币。新募集的资金将主要用于全国范围内垃圾回收设备的投放。（腾讯一线）,腾讯一线,未透露
招商局子公司向寒武纪投资4000万元人民币,2018-06-21 17:03:09,http://doc.irasia.com/listco/hk/cmcdi/announcement/a196629-c_cmcdi_announcement_21_6_2018final.pdf,36氪讯，招商局中国基金公告称，公司的全资附属深圳市天正投资有限公司签订了日期为2018年6月5日并关于北京中科寒武纪科技有限公司的相关协议，据此，天正通过一家合夥企业间接参与了寒武纪的增资，并出资近4000万元人民币，实益拥有寒武纪增资后约0.246%股权。,36Kr,未透露
李小加：小米停CDR或因风险大，不干预新经济公司估值,2018-06-21 15:26:01,http://finance.sina.com.cn/stock/hkstock/hkstocknews/2018-06-21/doc-ihefphqk9681441.shtml,李小加今日表示，小米暂停CDR，认为这是小米的选择，形容在港上市及同时发行CDR，是很复杂的事情，对小米而言或是挑战，估计小米是与内地监管部门讨论后觉得风险大而决定推迟。对于证监会警告新经济公司或涉高估值泡沫，李小加称，有关估值是公司与投资者间的协议。在香港市场，港交所不会干涉，亦难以干涉。（经济通）,经济通,未透露
多伦多证交所今日将推出新型区块链交易所ETF,2018-06-21 12:14:44,,多伦多证券交易所（TSX）今日将推出新型区块链交易所交易基金（ETF）。（彭博）,彭博,未透露
百福控股收购新辣道,2018-06-21 09:44:35,http://www.jiemian.com/article/2246846.html,百福控股日前发布公告显示，该公司全资附属公司喜年控股喜年控股与北京新辣道公司订立购股协议，第一期拟以6.96亿元收购新辣道72%股权，第二期拟购买新辣道余下股东的15%股权，第二期购买价上限应为3.3亿元。交易金额合计将超过10亿元。（界面）,界面,未透露
易凯资本CEO王冉：增量资金断崖式下跌，一级市场估值调整在即,2018-06-21 07:52:46,https://mp.weixin.qq.com/s/BsWd9R6gT8vV6nC1zvX3bg,易凯资本CEO王冉称，最近听到很多有良好过往投资业绩的知名基金，募资也遇到了困难。与去年同期相比，判断今年下半年流入一级市场的资金将会出现断崖式下跌，至少减少50-60%，甚至可能减少70%-80%。受其影响，预计中国一级市场的估值水平半年内会普降30%，个别之前泡沫比较严重的领域甚至可能会下降50%以上。（易凯资本）,易凯资本,未透露
民生银行与花样年战略签约,2018-06-20 21:10:31,http://36kr.com/p/5139636.html,36氪今日获悉，中国民生银行股份有限公司与花样年集团（中国）有限公司举行了战略合作签约仪式，据悉本次战略合作规模将达人民币150亿元。在双方战略合作中，民生银行将为花样年集团及其控股公司提供综合金融服务和支持。,36Kr,未透露
“独角兽基金”三至七个工作日有望成立,2018-06-20 16:53:09,http://finance.caixin.com/2018-06-20/101273434.html,六只专门为新经济企业上市“定制”发行的战略配售基金本周二（19日）已经完成对机构的募集，目前正在最后的验资和备案阶段，将有望在三至七天内正式公告成立。（财新）,财新,未透露
多家基金公司再次下调中兴通讯A股估值，最低为12.02元,2018-06-20 16:01:21,http://tech.sina.com.cn/it/2018-06-20/doc-ihefphqk2517530.shtml,最新消息显示，多家基金公司近日再做出调整中兴通讯A股估值的公告，工银瑞信、华泰柏瑞、中银、平安大华等8家基金公司发布公告，自6月19日起，对旗下基金（除ETF基金外）所持有的中兴通讯股票进行重新估值，其中最低的为12.02元，整体估值在16.64-12.02元之间。（证券时报）,证券时报,未透露
新华网：小米过会为何临阵推迟，缓一步的CDR或将更美好,2018-06-20 15:36:26,http://www.xinhuanet.com/finance/2018-06/20/c_129897476.htm,新华网发文称：从近期A股市场的环境来看，为了更有质量的CDR首发试点发行，小米暂缓CDR审核后续择机再行启动也不失为一种良择。政策红利信息不断强化小米或成为CDR首股的乐观预期，但是这绝不意味着市场对独角兽的青睐会为以小米为代表的独角兽企业特事特办，相反市场对于作为A股创新产物的CDR的高关注度令证监会必须以严姿态做表率。,36Kr,未透露
CDR基金个人投资者占比较高，最高一家募资不到三百亿,2018-06-20 15:08:49,https://finance.qq.com/a/20180620/029969.htm,6月20日，招商基金、嘉实基金等六家战略配售基金产品正式成立，募资最高的一家基金不到三百亿，距离产品规模上限500亿仍有不小距离。但都超过了产品规模的下限50亿元。“个人投资者占比大多数，机构投资者不太热情。”比如社保基金可以直接参与战略配售，不用借道CDR基金。（腾讯）,腾讯,未透露
Shopee母公司Sea完成5.75亿美元可转债募集,2018-06-20 12:42:22,http://www.ebrun.com/20180620/282798.shtml?eb=com_chan_lcol_fylb,Sea宣布完成其募集5.75亿美元可转债，并且将发行规模从最初的4亿美元提高到5亿美元，初始购买者可行使15%的“greenshoe”期权使总发行规模达到5.75亿美元。此次新的融资将支持Sea的业务扩张及其他一般企业用途，包括持续扩大Sea公司旗下快速增长的电子商务平台Shopee。（亿邦动力网）,亿邦动力网,未透露
中国银河：已将乐视网调出担保证券范围,2018-06-20 12:42:07,,中国银河6月20日在互动平台表示，考虑到一些股票具有较大的风险（如乐视网），目前公司已将其调出担保证券范围。（中证网）,中证网,未透露
报告：亚洲富豪财富增值速度世界最快,2018-06-20 09:20:30,http://finance.sina.com.cn/stock/usstock/c/2018-06-20/doc-iheauxwa0255489.shtml,据凯捷咨询周二发布的报告，亚太地区富人的资产增长约15%，达21.6万亿美元。报告对富人的定义是拥有至少10亿美元可投资资产，其中中国和日本是富豪最多的国家。报告称经济加速增长和股市上涨使全球财富总额创下70.2万亿美元纪录高位，预计全球富人总财富将在2025年前达到100万亿美元。（新浪）,新浪,未透露
四大证券报头版头条声援股市：要冷静 当下估值并不高,2018-06-20 07:20:41,http://finance.sina.com.cn/stock/marketresearch/2018-06-20/doc-iheauxvz9872884.shtml,面对股市暴跌，四大证券报头版头条声援股市，上海证券报表示，情绪宣泄过后，投资者也应理性看待市场的起落涨跌，客观认知影响市场运行的短期因素和长期因素。（新浪）,新浪,未透露
小米CDR推迟将影响战略配售基金发行？本周有望公告成立,2018-06-19 16:49:31,https://www.thepaper.cn/newsDetail_forward_2203824,从消息人士处获悉，战略配售基金封闭三年运作，短期单一公司上市节奏变化不会对产品产生巨大影响，基金不是仅投资CDR，还投资新经济创新型企业的IPO等，只要战略配售的都可以参与。基金业内人士透露，“目前相关工作正在进行中，相信随着19日结束募集，最快本周就会有基金公司公告战略配售基金成立。”（澎湃）,36Kr,未透露
沪指跌破2900点，创近两年盘中新低,2018-06-19 14:39:16,,36氪讯，沪指跌破2900点，跌4%，创近两年盘中新低；深成指跌超5%，创业板跌约6%。两市有逾1000只个股跌停。,36Kr,未透露
创业板午后大跌超5%，两市跌幅超9%个股近800只,2018-06-19 14:06:26,,36氪讯，创业板午后大跌超5%，创2015年1月以来新低，两市近400只跌停，跌幅超9%个股逼近800只。,36Kr,未透露
创业板跌幅扩大至4.7%，沪深两市跌停个股近300只,2018-06-19 13:50:00,,36氪讯，A股掀起跌停潮，创业板跌幅扩大至4.7%，沪指跌3.1%，深成指跌4.1%，两市跌停个股近300只。,36Kr,未透露
创业板大跌4%，创2015年1月以来新低,2018-06-19 13:21:39,,36氪讯，创业板午后跌破1571点，大跌4%，创2015年1月以来新低。,36Kr,未透露
SurveyMonkey秘密递交上市文件,2018-06-19 11:48:22,http://www.lieyunwang.com/archives/444205,在线调查公司SurveyMonkey宣布已经递交了上市所需的文件，具体细节未披露。SurveyMonkey能帮助企业向客户进行调查，更加无缝地搜集产品、客户服务的反馈。（猎云）,猎云,未透露
波场创始人孙宇晨以1.4亿美元收购BitTorrent,2018-06-19 10:41:38,https://techcrunch.com/2018/06/18/bittorrent-tron/,波场孙宇晨已于上周完成了以1.4亿美元的价格对BitTorrent的收购。此前有传言称，两家公司正进行至少一个月的谈判。BitTorrent公司是早期的推动者，致力于围绕分散的计算架构建立业务，以分发和存储数据。（techcrunch）,techcrunch,未透露
沪指开盘跌1.3%，失守3000点关口,2018-06-19 09:29:38,,沪指开盘跌1.3%，失守3000点关口小米CDR概念开盘大跌，奥士康、京泉华、宇环数控、同益股份集体跌停，普路通、安洁科技、歌尔股份大幅下挫，消息面上，小米推迟CDR发行申请。（华尔街见闻）,华尔街见闻,未透露
香港恒生指数低开1%，失守三万点关口,2018-06-19 09:26:38,,36氪讯，香港恒生指数低开1%，失守三万点关口，报29999.01点。中兴通讯H股开盘跌近13%，复牌以来累计跌幅超50%。,36Kr,未透露
Square获官方数字交易许可,2018-06-19 08:28:46,"http://news.cnstock.com/news,bwkx-201806-4235478.htm",数字支付公司Square表示，已收到美国纽约州监管机构授予的交易许可证BitLicense。（中国证券网）,中国证券网,未透露
香港资金盛宴接近尾声,2018-06-19 07:08:19,http://dz.jjckb.cn/www/pages/webpage2009/html/2018-06/19/content_44415.htm,根据过往经验，一旦最优惠利率和同业拆借利率的息差收窄至0.3%以下，银行便有加息（上调最优惠利率）的压力，目前两者息差是0.34%。如果美联储9月再加息，到时候大银行可能就要加息，也就意味着香港真正进入加息通道。（经济参考报）,经济参考报,未透露
2017年深圳与“一带一路”沿线国家和地区贸易额达885亿美元,2018-06-17 18:07:05,http://www.xinhuanet.com/2018-06/17/c_1122998154.htm,从深圳市政府获悉，2017年深圳与“一带一路”沿线国家和地区贸易额达到885亿美元，同比增长19.3%。深圳参与“一带一路”建设有几个特点：一是以龙头企业为先锋，包括华为、招商集团等；二是以创新企业为主体；三是以市场需求为导向，深圳企业根据当地消费市场的实际需要开发产品，以传音科技为例，2017年在非洲的手机出货量超过4000万台。（新华网）,新华网,未透露
传21世纪福克斯下周决定是否接受康卡斯特650亿美元收购要约,2018-06-17 10:24:31,http://tech.qq.com/a/20180617/008480.htm,据外媒报道，消息人士周五透露，媒体大亨鲁伯特-默多克与21世纪福克斯的董事会将在下周举行会议，商讨是否接受康卡斯特650亿美元对公司娱乐资产的报价。,36Kr,未透露
合金投资联手真为基金发起设立文旅产业基金,2018-06-15 21:08:16,http://disclosure.szse.cn/finalpage/2018-06-16/1205062739.PDF,36氪讯，合金投资发布公告，与真为基金共同签署《关于合作设立文旅产业基金之框架协议》，参与发起设立文旅产业基金。该基金总规模暂定10亿元人民币。新基金将围绕着合金投资拟开展的文旅业务相关领域，专注于文化旅游产业相关领域，以及产业链上下游整合投资机会。,36Kr,未透露
新南洋联合蓝海国投、汇竑资本发起教育产业并购基金,2018-06-15 21:03:54,http://static.sse.com.cn/disclosure/listedinfo/announcement/c/2018-06-16/600661_20180616_2.pdf,36氪讯，新南洋发布公告，拟出资4900万元，与蓝海国投、嘉兴竑学共同发起设立教育产业并购基金。基金总规模1亿元，主要用于投资国内教育培训、教育科技等相关行业，加快公司对优质教育资源的布局与整合。,36Kr,未透露
十家券商被确定为创新企业试点的主保荐机构,2018-06-15 19:50:33,"http://news.cnstock.com/news,bwkx-201806-4235204.htm",证监会推进创新企业试点IPO及发行CDR的过程中，选取了10家证券公司作为创新企业境内发行上市的主保荐机构，其他券商可按规定与这10家证券公司进行联合保荐或联合主承销。分别是：中信建投、国泰君安、中金公司、招商证券、中信证券、申万宏源承销保荐、广发证券、海通证券、银河证券，华泰联合证券。（中国证券网）,中国证券网,未透露
汇付天下正式登陆港交所，募资大约16亿港元,2018-06-15 18:16:42,https://mp.weixin.qq.com/s/YNnVm6cuAvuwe1bCShNmEA,36氪讯，第三方支付公司汇付天下在港交所正式挂牌交易，发行2.25亿股，募资大约16亿港元，募资资金将用于进一步增强公司的技术系统及研发能力、进行选择性收购或战略投资。汇付天下创立于2006年，向小微商户和垂直行业提供全面的支付服务及解决方案。,36Kr,未透露
基岩资本递交上市资料，或成国内首家在美上市私募,2018-06-15 17:29:38,http://finance.sina.com.cn/money/fund/jjyj/2018-06-15/doc-ihcyszrz8434158.shtml,据消息人士透露，中国知名私募基金管理人基岩资本于近日向美国证券交易委员会公开递交招股说明书，计划登陆纳斯达克主板市场， IPO拟募集资金近5亿元。作为首家登陆美国资本市场的中国私募股权基金管理公司，基岩资本引起美国各大投行及投资者的高度关注。（新浪）,新浪,未透露
美国著名天使基金TEEC Angel Fund更名为“TSVC清谷资本”,2018-06-15 08:34:23,,36氪获悉，美国著名天使基金TEEC Angel Fund创始合伙人张于庆宣布基金更名为“TSVC清谷资本”，同时并购大师Spencer宣布正式加入清谷资本，未来，Spencer将与清谷资本紧密合作，帮助其完成更多的收购工作。,36Kr,未透露
港媒：小米6月25日招股，券商已准备1550亿港元保证金贷款,2018-06-15 07:36:29,,小米6月25日招股，香港11家券商已为小米IPO准备了合计约1550亿港元的保证金贷款。（香港经济日报）,香港经济日报,未透露
独角兽基金募资或超700亿，银行渠道销量分化,2018-06-15 06:59:05,http://epaper.21jingji.com/html/2018-06/15/content_88287.htm,截至6月14日，6只角兽基金的总销量或已突破700亿元，其中个别基金规模或超过200亿。渠道方面，券商在此次独角兽基金的销售中发挥了不小作用，但银行仍然是销售头牌，但不同银行之间的销量也有明显分化。除招行外，建行、中行等在营销独角兽基金方面也较为积极，而同时代销了三只独角兽基金的工行则稍显动力不足。（21）,21,未透露
科通芯城：平台培养的独角兽未来会来A股上市,2018-06-14 20:19:46,http://kuaixun.stcn.com/2018/0614/14321429.shtml,科通芯城CEO康敬伟表示，港股是挺不错的平台，目前没有回A股上市计划；公司未来将是独角兽培养营地，特别是芯片行业一定会出现独角兽，这样一批企业未来会来A股上市。据透露，旗下硬蛋孵化的机器人公司易造在筹划上市，具体上市地将由其管理层决定。去年遭遇做空后，公司现金流危局情况已改进很多。（证券时报）,证券时报,未透露
浑水回应做空好未来：已准备了一年，并与超50位知情人士交流,2018-06-14 13:12:38,http://www.nbd.com.cn/articles/2018-06-14/1226017.html,浑水机构发言人回应称，“早在一年前，浑水就开始研究好未来教育集团以及致力于整理这份研报。”浑水方面表示，为了这份研报，他们投入了超过1000个小时的研究，调查员曾实地走访好未来的教育中心，并曾与超过50位知情人士有过交流。（每日经济新闻）,每日经济新闻,未透露
分布式预测平台“Prophet”获公信宝、了得资本等数千万元融资,2018-06-14 08:12:48,http://36kr.com/p/5138717.html,据星球日报报道，布式预测平台“预言家Prophet”获公信宝、了得资本、公信资本、分布式资本创始人沈波等数千万元机构轮融资。此轮融资的引入，将主要用于团队扩张、技术开发及海外市场拓展。,36Kr,未透露
芝麻街投资区块链项目，要让儿童学习区块链编程,2018-06-13 17:33:12,https://cryptovest.com/news/sesame-street-makes-moves-to-help-kids-learn-about-blockchain/,儿童教育节目《芝麻街》制作方芝麻街工作室与芝麻街风险投资公司合作，以2800万美元共同投资了一家名为Kano的公司，目的是帮助Kano扩展其产品线。Kano公司主要为儿童提供DIY编程工具包，该公司CEO Alex Klein表示，资金将被用于把产品扩展到区块链领域。（cryptovest）,cryptovest,未透露
海澜之家发行30亿元可转换公司债券,2018-06-13 16:47:44,http://static.sse.com.cn/disclosure/listedinfo/announcement/c/2018-06-14/600398_20180614_1.pdf,36氪讯，海澜之家公告，获中国证监会核准发行30亿元可转换公司债券，期限6年。,36Kr,未透露
汾酒集团剥离汾酒商务中心，推进整体上市,2018-06-13 15:40:40,http://www.egsea.com/index.php?app=Company&mod=Info&act=news&id=251531,山西省国资委消息，6月12日，山西两大混改试点国企山西建设投资集团和山西汾酒集团就汾酒商务中心项目转让进行签约，届时将由山西建设投资集团对汾酒文化商务中心项目谋划经营，推进项目进程。此次签约转让，是汾酒集团实现整体上市、针对非主营业务剥离的重要举措。（证券时报）,证券时报,未透露
工业富联开板半天吸金成交116亿，占沪市成交八分之一,2018-06-13 12:47:54,,36氪讯，工业富联今日打开一字板，截至午间休市，成交额超116.4亿元，占到沪市成交额896.1亿元的八分之一左右。,36Kr,未透露
牛津创企Metaboards获500万美元融资,2018-06-13 07:43:04,http://www.lieyunwang.com/archives/443978,牛津创企Metaboards近日完成了500万美元融资，领投方为Oxford Sciences Innovation（OSI），参投方包括RT Capital Management和Woodford Investment Management。这家发展中的公司将利用这笔资金来扩大团队，从而将其专利性的“超材料”无线充电技术带到市场里。（猎云网）,猎云网,未透露
小康股份：拟30亿元增资旗下新能源汽车项目,2018-06-12 19:13:27,http://static.sse.com.cn/disclosure/listedinfo/announcement/c/2018-06-13/601127_20180613_8.pdf,36氪讯，小康股份晚间公告透露，公司拟对金康新能源增资30亿元。增资后，金康新能源的注册资本从10亿元增至40亿元，仍为公司全资子公司。公司计划使用可转债募集资金4.23亿元、自有资金25.77亿元，分别用于纯电动乘用车建设项目、发展新能源汽车相关业务。,36Kr,未透露
央行陈雨露：近期将试点绿色信贷业绩评价，结果纳入MPA考核,2018-06-12 18:48:47,"http://news.cnstock.com/news,bwkx-201806-4233480.htm",6月12日，人民银行副行长陈雨露在“绿色金融改革创新试验区建设座谈会”上表示，在试验区实践基础上，人民银行正在牵头制定银行业存款类金融机构绿色信贷业绩评价方案，近期即将发布并试点。（中国证券网）,中国证券网,未透露
大数据分析公司Splunk收购VictorOps，为运维团队提供智能解决方案,2018-06-12 18:16:34,https://techcrunch.com/2018/06/11/splunk-nabs-on-call-management-startup-victorops-for-120-m/,大数据分析公司Splunk宣布将以1.2亿美元的价格收购创业公司VictorOps。Splunk是一家B2B数据分析公司，可以监测企业计算机产生的数据，帮助企业对数据日志进行管理。Splunk公司表示VictorOps擅长事件管理和预警，两家公司联合可以产出一个智能平台，帮助开发团队快速创新，为用户提供优质体验。（techcrunch）,techcrunch,未透露
报告：中国私募股权投资市场仅次于美国,2018-06-12 17:45:45,,《2018中国私募股权投资发展报告》12日在北京清华大学发布。报告指出，中国私募股权投资市场已成为全球仅次于美国的最重要市场。大陆企业海外并购回归理性，中国大陆企业出境投资方向从被动性资产和炫耀性资产转移至战略性投资，高科技、工业和消费依旧是海外投资最活跃的领域。（财联社）,财联社,未透露
发改委与建行共同发起设立3000亿元战略性新兴产业发展基金,2018-06-12 15:32:30,,发改委与建设银行将建立战略合作机制，以支持战略性新兴产业发展壮大为目标，共同发起设立国家级战略性新兴产业发展基金，目标规模约3000亿元。基金具体将投向新一代信息技术、高端装备、新材料、生物、新能源汽车、新能源、节能环保和数字创意等战略性新兴产业领域。（财联社）,财联社,未透露
华夏基金：战略配售基金可参与承销股票和CDR战略配售,2018-06-12 14:10:24,https://finance.qq.com/a/20180612/035545.htm,针对市场传言称华夏战略配售基金受关联交易限制，无法参与控股股东承销的股票和CDR的战略配售，华夏基金表示，这一传言不实。华夏战略配售基金可以参与控股股东等关联方承销的股票和CDR的战略配售。（腾讯）,腾讯,未透露
多家会计事务所被暂停IPO和再融资业务申报,2018-06-12 11:01:26,https://finance.qq.com/a/20180612/028441.htm,近日，证监会发行部通知立信、瑞华、大华等多家会计事务所暂停申报IPO材料。“但暂时不影响在审项目，新申报项目要停止。”此前上述多家会计事务所已经被暂停再融资业务。（腾讯）,腾讯,IPO
瑞银：百度等五支CDR试点融资规模或达600亿美元,2018-06-12 09:26:08,,瑞银证券称，百度、阿里巴巴、腾讯、京东和网易等五家有资格参与CDR试点的企业再融资规模最高可达600亿美元。CDR对A股短期造成面临流动性压力，但鉴于六支战略配售基金于本周推出，流动性压力不会太大。瑞银报告称，高品质的增长股在推出CDR后很可能受境内投资者的热捧，创业板中部分估值过高但增长缓慢的个股或面临抛压。（彭博）,彭博,未透露
高盛预计中国CDR发行总规模可能达到7000亿美元,2018-06-12 09:03:47,,高盛预计中国CDR发行总规模可能达到7000亿美元，首支CDR可能在第三季度上市。其中腾讯、阿里、百度、京东、网易CDR规模在600亿美元左右。（彭博）,彭博,未透露
药明康德领投Insilico Medicine战略融资,2018-06-12 08:56:37,,近日，美国新一代人工智能公司Insilico Medicine宣布完成由药明康德风险投资基金领投的新一轮战略融资。本轮战略投资建立在Insilico Medicine基于生成对抗网络和强化学习等人工智能技术开发的药物发现流程成功获得实验验证的基础上，并旨在将Insilico Medicine的先进的人工智能技术与药明康德强大的实验能力紧密结合。（财联社）,财联社,未透露
战略配售基金首日发行良好，整体销量约300亿,2018-06-12 07:05:54,http://www.egsea.com/index.php?app=Company&mod=Info&act=news&id=250385,从首日销售来看，有业内消息称招行渠道上午整体销售80亿元，券商机构中广发、华泰、中信上午也卖了超过10亿，还有消息称一家基金公司旗下战略配售基金首日销售超100亿，另有一家基金公司首日销售破50亿元，预计昨日6只基金整体销售量约为300亿元。（证券时报）,证券时报,未透露
中国电信确立资本投资体系 形成三家股权直投公司,2018-06-11 20:38:41,,近日，中国电信发布消息，在资本市场进行了全面布局，已确立资本投资体系。目前，中国电信已形成了股权直投与市场化基金投资相结合的体系，形成了三家股权直投公司，分别是中国电信集团投资有限公司、天翼资本控股有限公司、天翼创业投资公司，由此实现资本运营的公司化运作。（中国通信网）,中国通信网,未透露
截至今年一季度末私募形成资本金4.72万亿元,2018-06-11 17:53:25,,中国证券投资基金业协会会长洪磊表示，截至2018年一季度末，私募基金累计投资于未上市未挂牌企业股权、新三板企业股权和上市公司再融资未流通项目8.56万个，形成资本金4.72万亿元，较2017年末增加6100亿元。（新华社）,新华社,未透露
上海科技型企业贷款余额首破2000亿,2018-06-11 17:40:39,http://finance.chinanews.com/cj/2018/06-11/8535367.shtml,上海银监局11日发布《2017年上海科技金融发展报告》称，截至2017年末，该局辖内科技型企业贷款余额首次突破2000亿元大关，达到2071.27亿元，较年初增长38.05%，高于辖内整体贷款增长率25个百分点。（中新网）,中新网,未透露
“独角兽”基金火爆开售：有基金上午卖出近100亿,2018-06-11 15:29:03,,从渠道反馈的消息来看，投资者对6只“独角兽”基金极为热情。多位渠道人士称，今日上午选择一口气花300万同时顶额申购6只基金的投资者大有人在。截至6月11日上午，6只“独角兽”基金中销售最为火爆的一只基金已经卖出了接近100亿，其中银行是其最主要销售渠道。（21世纪经济报道）,21世纪经济报道,未透露
南方基金高管集体顶格认购战略配售基金,2018-06-11 11:56:14,http://finance.sina.com.cn/money/fund/jjzl/2018-06-11/doc-ihcufqif8214250.shtml?code=0119KcQ92HuIlR0SimR92megQ929KcQn&state=,6月11日 南方、华夏等6只战略配售基金开始发售，据悉南方基金高管集体顶格认购160142，包括董事长、总经理、分管权益、固收的副总经理。大量员工认购。根据独角兽基金万人调查显示，44%的用户愿意购买独角兽基金，其中6只基金中，南方战略配售基金最受欢迎。（新浪财经）,新浪财经,未透露
“猩便利”获蚂蚁金服战略投资，将布局智能无人货柜,2018-06-11 09:35:54,http://36kr.com/p/5138134.html,36氪获悉，猩便利获得了蚂蚁金服的战略投资，光速中国、红杉资本、华兴资本、元璟资本等其余老股东跟投，对于本轮融资的具体金额暂不做透露，但团队同时否认了“蚂蚁金服控股猩便利”这一说法。猩便利方面透露，此次获得的战略投资资金，将用于新型智能设备“猩+”的生产和推广，以及后续进一步的平台、技术开发投入。,36Kr,未透露
药明生物宣布投资6000万美元，首次在美国布局生物制药生产基地,2018-06-11 08:56:13,https://www.prnasia.com/story/213488-1.shtml,"据美通社消息，药明生物今日宣布计划投资6,000万美元（约合3.8亿人民币），在美国马萨诸塞州伍斯特市新建现代化生物制药临床样品和商业化生产基地。这是药明生物在全球范围布局的第11个生产基地，也是其首次在美国新建生产基地，成为继爱尔兰、新加坡后投资建设的第三个海外生产基地。",36Kr,未透露
证券时报：CDR不是洪水猛兽，不必过度焦虑和恐慌,2018-06-09 09:32:11,http://www.stcn.com/2018/0609/14307460.shtml,证券时报发文称，小米递交CDR试点的申请引发了悲观者对于CDR扩容的担忧，同时，中国人保等“大块头”过会又让市场本能地恐惧“抽血”压力，这些担忧让部分投资者成了惊弓之鸟，干扰了资本市场的平稳运行。实际上，监管层多次表态，会考虑市场承受力推进新股发行和CDR试点，目的就是为了给市场保驾护航，通过严格发行审核严把质量关，用融资政策提升股票市场效率的同时，保护好投资者尤其是中小投资者的权益。,36Kr,未透露
将用户评价管理化繁为简，Podium获IVP领投的6000万美元融资,2018-06-08 19:44:27,http://36kr.com/p/5137895.html,Podium是一家为企业提供用户评价管理工具的公司，它刚刚宣布完成了6000万美元的融资。本轮由IVP领投，现有投资者Accel、谷歌风投和Y Combinator跟投。融资将用来雇用更多的工程师、扩大英国在内的国际市场，以及获得更多的企业客户。,36Kr,未透露
高档口粮品牌 Nulo Pet Food 获战略融资,2018-06-08 15:46:02,http://36kr.com/p/5137864.html,据外媒报道，高档口粮品牌Nulo Pet Food 近日已经完成了一笔战略融资，投资方为 Main Post Partners，这笔融资主要用于研发新产品。,36Kr,未透露
区块链公司ONO完成千万美元A轮融资，雄岸资本、韩国风投公司KIP参投,2018-06-08 11:43:53,,36氪讯，ONO创始人徐可今日与雄岸基金代表杨琼琼、韩国最大的风投机构KIP投资副总裁崔虎，共同签约总额千万美金A轮融资。徐可透露，融资资金将主要应用于ONO生态建设、ONO DAPP产品技术能力升级及国际版上线后全球化战略启动等领域。,36Kr,A轮
三垒股份拟33亿收购美杰姆，注入早期教育培训资产,2018-06-08 11:28:58,https://www.iyiou.com/breaking/16452,三垒股份近日披露了公司重大资产购买预案，公告称，三垒股份拟通过新设立的一家控股子公司，作价33亿元，收购北京美杰姆教育科技股份有限公司100%股权。美杰姆定位于国内早教培训领域，据悉，此举交易完成后，三垒股份将注入早期教育培训资产，进一步完善公司在教育行业的布局。（亿欧）,亿欧,未透露
华泰策略：独角兽上市及CDR发行利于国内A股企业估值重塑,2018-06-08 09:14:17,http://www.egsea.com/index.php?app=Company&mod=Info&act=news&id=248820,华泰策略表示，试点创新企业上市正式拉开帷幕，随着阿里巴巴等公司回归，有望为A股提供估值锚，短期内或对高估值成长股形成一定压力，高估值成长股或面临估值下修。中长期看，独角兽上市及CDR发行利于国内A股企业估值重塑，利于优质成长龙头市值向海外上市的中资科技龙头靠拢。（证券时报）,证券时报,未透露
机构：CDR将丰富市场产品线，龙头券商有望受益,2018-06-08 07:44:39,http://www.egsea.com/index.php?app=Company&mod=Info&act=news&id=248746,华泰证券认为，CDR细则落地将加速资本市场国际化，拓宽证券公司业务边界，增厚券商经纪及投行业务收入。CDR将增加A股的多样性，丰富资本市场产品线。广发证券策略团队也表示，证券公司将以多种身份参与CDR发行及交易环节，建议重点关注拥有海外业务布局、发行运作能力雄厚的龙头券商。（上海证券报）,上海证券报,未透露
南方基金澄清：不了解第一批CDR名单，未发布相关消息,2018-06-08 07:12:35,http://finance.sina.com.cn/money/fund/2018-06-07/doc-ihcscwwz9846579.shtml,此前有市场消息称，南方基金透露目前第一批CDR名单已确定：先是7月16日小米，随后百度、阿里巴巴、京东、腾讯、网易、携程、舜宇光学将陆续推出，购买CDR基金就是跟随国家队打新股的节奏。南方基金回应称，公司不了解第一批CDR名单的有关情况，也从未发布相关消息。（新浪财经）,新浪财经,未透露
战略配售基金参与CDR项目投资不存在折价，但存变数,2018-06-07 15:55:56,http://finance.sina.com.cn/money/fund/jjpl/2018-06-07/doc-ihcscwwz7391766.shtml,南方基金表示，参考富士康的战略配售情况，20家战略配售投资者的价格同网下询价发行价格一致，并不存在折价的情况，这也符合公平原则，但最终的CDR战略配售方式并未正式出台，也没有先例，所以此问题也存在变数。（新浪财经）,新浪财经,未透露
贵州大数据产业基金成立，预计规模30亿元,2018-06-07 09:42:11,,近日，贵州省发改委批复同意“贵州省大数据产业基金组建方案”，标志着大数据领域首只由省级政府出资设立的产业基金正式成立。本次成立的基金预计总规模为30亿元人民币，基金投向大数据与实体经济深入融合领域的重点工程和技术创新项目，同时将根据不同投资标的和投资目标引进社会资本。（贵州日报）,贵州日报,未透露
辉瑞斥资6亿美元扩大合资企业投资,2018-06-07 07:44:18,,辉瑞周三宣布，计划通过旗下合资企业在生物科技以及其他新兴公司投资6亿美元。辉瑞合资企业将寻求投资25%的现有资本(1.5亿美元)给有前途的早期神经科学公司。除了神经科学，辉瑞还将继续在肿瘤、炎症和免疫学、罕见疾病、内科学和疫苗等广泛的治疗领域进行投资。（SeekingAlpha）,SeekingAlpha,未透露
医美公司 Cytrellis Biosystems 获 2850 万美元融资,2018-06-06 19:56:47,https://36kr.com/p/5137569.html,医美公司 Cytrellis Biosystems 近期完成 2850 万美元的 B 轮资金，投资方包括 Partner Fund Management，BioMatics Capital 和已有投资方 ARCH Venture Partners 和 the Merz Venture Initiative。本轮融资将用于完成临床研究、获取监管资格。,36Kr,未透露
CDR公募基金正式获得证监会批文,2018-06-06 16:23:24,https://finance.qq.com/a/20180606/027338.htm,由易方达基金、嘉实基金、招商基金、南方基金、汇添富基金和华夏基金申报的战略配售基金获得证监会批文，这亦是国内首次批准参与“战略配售”投资的基金。该产品全称为3年封闭运作战略配售灵活配置混合型证券投资基金（LOF），封闭期为三年。（腾讯）,腾讯,未透露
华夏基金：将发行战略配售基金 参与科技巨头CDR投资,2018-06-06 12:59:17,,华夏基金新闻发言人表示，拟设立战略配售基金投资以IPO、CDR形式回归A股的科技巨头。普通投资者可以通过战略配售基金成为战略投资者，享受和全国社保、养老金等机构同等的配售优先权，未来可能实现投资小米、京东、阿里等科技创新企业。基金在等待证监会批文。（新浪）,新浪,未透露
彭博：中国计划批复总额高达3000亿元的6只基金 参与CDR投资,2018-06-06 12:50:18,,知情人士称，华夏、汇添富、易方达、南方、招商和嘉实基金正在申请成立可通过战略配售投资于拟发行CDR的证券投资基金。这些基金单只销售目标下限为50亿元人民币，上限为500亿元，参与CDR项目的战略配售是否能获折价以及折价多少还未最终确定。监管机构本周将批准这批基金产品。（彭博）,彭博,未透露
腾讯旗下腾安基金6月中旬开业，可代销数百只基金,2018-06-06 11:58:13,,在获得基金代销牌照近半年后，腾讯旗下第三方基金销售机构腾安基金将于6月中旬正式开业。目前，腾安基金已与易方达基金、嘉实基金、富国基金、招商基金等签订基金代销协议。（21世纪经济报道）,21世纪经济报道,未透露
保险巨无霸中国人保顺利过会，募资百亿即将登陆A股,2018-06-05 17:49:17,https://finance.qq.com/a/20180605/036971.htm,证监会发审委召开第85次IPO发审会议，两家过会，一家被否。其中中国人民保险集团股份有限公司顺利过会，据中国人保招股书申报稿披露，其不考虑超额配售的拟发行股数将达45.99亿股，在A股历史上可以排到第八，这一发行量也创近8年来A股IPO记录，保守估计募资规模达到百亿量级。（腾讯）,腾讯,未透露
独角兽战略配售公募基金产品发行时间有变：个人投资者阶段是11号到15号，机构投资者是19号一天,2018-06-05 16:20:59,,独角兽战略配售公募基金产品发行时间有变，个人投资者阶段是11号到15号，机构投资者是19号一天。（华尔街见闻）,华尔街见闻,未透露
KKR联手高盛3.6亿美元收购低代码应用开发平台OutSystems股权,2018-06-05 15:57:13,https://awtmt.com/articles/3329438,英国《金融时报》 消息称，私募股权投资机构KKR和高盛共同筹集了3.6亿美元，以收购低代码快速应用开发平台OutSystems的“大量”少数股权，本次交易对OutSystems的估值超过10亿美元。据悉，本次交易筹集的资金将用于促进OutSystems在里斯本和波士顿业务的扩张，并帮助OutSystems发展其软件自动化研究。,36Kr,未透露
专属投资CDR公募基金预计明日获批,2018-06-05 14:43:12,https://finance.qq.com/a/20180605/030571.htm,据知情人士透露，由易方达基金、嘉实基金、招商基金、南方基金、汇添富基金和华夏基金申报的战略配售基金明日获得批文，该产品封闭期为三年。预计6月11日开始募集资金，其中，11日至13日为零售认购期，面向个人投资者募集，个人投资者限额50万；14日至15日为机构认购期。（腾讯）,腾讯,未透露
瞄准北京冬奥会，高端法国户外品牌Rossignol获IDG资本投资进军中国市场,2018-06-04 18:20:35,http://www.jiemian.com/article/2197989.html,法国滑雪装备品牌Rossignol今日宣布获得IDG资本的投资，有意借助后者的帮助，加速开发中国冬季运动市场，以为2022年在北京举办的冬季奥运会做好准备。（界面）,界面,未透露
九成影视股下跌 一天蒸发114亿,2018-06-04 17:46:27,http://www.egsea.com/index.php?app=Company&mod=Info&act=news&id=246321,A股影视板块今日全线下挫。从市值影视板块市值蒸发来看，华谊兄弟下跌10.02%，市值蒸发22.75亿元；光线传媒下跌5.93%，市值蒸发18.19亿元；中国电影下跌4.66%，市值蒸发15.31亿元。整体来看，A股影视板块今天一天市值就蒸发了114亿元。（券商中国）,券商中国,未透露
人工智能基金杀回股市，跑赢指数60%,2018-06-04 15:51:03,http://www.egsea.com/index.php?app=Company&mod=Info&act=news&id=246245,首只人工智能基金经过8个月的验证，明显跑赢标普500指数。从这8个月业绩来看，标普500指数若是赚了68万，则同等金额投资的这只人工智能基金可以赚108万左右，超出近60%。作为全球首只人工智能基金，“AI驱动股票ETF”完全依赖机器进行选股，是一只主动管理ETF。（中国基金报）,中国基金报,未透露
火币与融资公司联手推出9300万美元投资基金,2018-06-04 07:12:34,,上周五，火币与中国VC新融资证券以及韩国在线经纪公司Kiwoom Securities联手推出价值9300万美院的投资基金，旨在投资中国和韩国区块链初创企业，并帮助推动中韩企业之间的合作。除此之外，韩国未来资产金融集团也将作为投资者加入该基金。（bitcoin.com）,bitcoin.com,未透露
徐小平：投资有理想才华的人，我宁可信其有绝不信其无,2018-06-02 18:51:50,https://www.thepaper.cn/newsDetail_forward_2166128,或许是早期自己的创业经历和教育相关，作为一个投资人徐小平很愿意听年轻人描述自己的梦想，也愿意给年轻人做梦的机会。在他的投资准则里，人一直是最重要的准则之一。“有理想、有才华的人，我们就宁可信其有，绝不信其无。”（澎湃）,36Kr,未透露
基石资本张维：多数独角兽将面临失败的三点原因,2018-06-02 16:58:35,https://m.21jingji.com/article/20180602/herald/f0586275b6f9099e614fae4d0ed57d5a.html,基石资本董事长张维日前表示，目前“独角兽”被各种光环所笼罩，但实际上，只有少数“独角兽”企业能成功，多数独角兽企业难以走出来。从国际上的统计数据来看，“独角兽”企业未能走出来的三大主要原因是缺乏市场需求、资金链断裂、管理团队不当。（21世纪经济报道）,21世纪经济报道,未透露
A股最终纳入的成分股将有226只,2018-05-31 16:53:11,,上交所举行A股纳入MSCI启动会。A股将于6月1日正式纳入MSCI指数，最终纳入的成分股将有226只。（万得）,万得,未透露
MSCI主席：最终纳入A股的名单或有226只,2018-05-31 15:02:20,,MSCI主席兼执行官费尔南德兹表示，最终纳入A股的名单或有226只。在CDR渠道上市个股方面，会在将来考虑纳入指数时对尚未在其他地方上市的中国企业予以着重考虑。（上证报）,上证报,未透露
百度资本今年将争取再作出三到四笔投资,2018-05-31 14:58:34,,百度资本管理合伙人武文洁表示，该公司将争取在2018年内做三到四笔“大交易”。百度资本在过去的一年半时间里作出了7笔投资，通常的投资规模是5000万~1亿美元，重点关注领域是人工智能、自动驾驶、5G、芯片组开发、医疗保健以及消费者和企业互联网。（彭博）,彭博,未透露
李小加：小米上市或很快发生，北向交易实名制料9月底推出,2018-05-31 10:29:41,,港交所行政总裁李小加今早会见媒体时表示，小米上市将会很快发生，但若果中国预托证券（CDR）的规则如期出台，发行人亦有可能选择于本港及CDR同步上市，但香港早已有A+H股同步上市的上市制度，相信类似的制度亦容易操作。另外，他提到，北向交易实名制正紧锣密鼓地筹备当中，预料9月底可以推出，相信机制提高透明度，对市场有意义。（香港经济通）,香港经济通,未透露
明星公司纷至沓来，港股下半年IPO或井喷,2018-05-31 07:26:33,http://finance.sina.com.cn/7x24/2018-05-31/doc-ihcffhsw0305693.shtml,港股市场长期占据全球最大首次公开募股(IPO)市场的宝座，今年在上市新政刺激下，IPO将迎来新的爆发期。上半年IPO数量已远超同期，机构普遍预计下半年将迎来真正意义上的“井喷”。分析人士表示，港股市场IPO“井喷”虽然提升市场总体交投，但IPO市场“过热”，也让投资者担心港股市场的承受能力。（中国证券报）,中国证券报,IPO
巴菲特证实曾考虑投资Uber，自称是科斯罗萨西仰慕者,2018-05-31 07:16:29,http://tech.qq.com/a/20180531/007990.htm,传奇投资人、伯克希尔哈撒韦首席执行官沃伦-巴菲特周三在接受CNBC采访时证实，他曾与Uber就投资问题进行过谈判。“我是达拉-科斯罗萨西（Dara Khosrowshahi）的一位忠实仰慕者。媒体报道中的一些内容与事实不符，但伯克希尔哈撒韦确实与Uber进行过谈判。”（腾讯）,36Kr,未透露
华尔街投行下调苹果股票评级，服务业务将令人失望,2018-05-31 07:04:57,http://tech.sina.com.cn/it/2018-05-30/doc-ihcffhsv9138682.shtml,华尔街投资公司Maxim Group将苹果股票评级从“买入”下调至“持有”。Maxim Group称，苹果订阅业务将令投资者失望。Maxim Group分析师尼哈尔·卓克什称：“调查数据显示，苹果订阅服务的配售率最高将达到30%，有可能低于该比率，尤其是在市场上已有类似服务存在的情况下。”（新浪）,36Kr,未透露
全国高等教育系统首单PPP资产证券化登陆上交所,2018-05-30 19:26:55,,国君资管山东财经大学莱芜校区PPP项目资产支持专项计划，5月30日在上交所成功挂牌。该专项计划发行规模6.7亿元，期限10年，由社会资本方中国核工业华兴建设有限公司与莱芜市政府联手建立。该专项计划的挂牌发行，开启了全国高等教育系统PPP资产证券化的先河。（财联社）,财联社,未透露
媒体：易方达等六大基金公司可能在上报投资CDR的公募基金,2018-05-30 16:02:58,,证监会最新信息显示，有六家公司5月29日齐齐上报了一款封闭3年的战略配售灵活基金。据业内人士反馈信息表示，这类基金可能会参与CDR投资公募基金，为了迎接独角兽回归A股。（中国基金报）,中国基金报,未透露
ForwardX 获 1000 万美元融资，推出能“看见”的行李箱 OVIS,2018-05-30 12:51:26,https://36kr.com/p/5136353.html,36氪获悉，研发公司 ForwardX 发明了一款可以“看见”的行李箱 OVIS 用来解放双手。近日，该公司宣布获 1000 万美元的融资，由鼎晖投资基金领投，Eastern Bell Venture Capital 参投。据悉，ForwardX 在与京东和 DHL 等公司进行协商，希望能让设备在工厂里进行落地实验。此举可能是为了研发新产品而做的准备。,36Kr,未透露
小米集团正部署上市，3券商预留940亿弹药供孖展使用,2018-05-30 09:55:35,http://finance.sina.com.cn/stock/hkstock/ggipo/2018-05-30/doc-ihcffhsv3788735.shtml,据香港经济日报报道，小米集团正部署上市，3券商共备有940亿元弹药，供巨企新股孖展使用，包括耀才证券（01428）的600亿元、辉立的200亿元及信诚的140亿元。（新浪）,新浪,未透露
打新基金走下“神坛”，打新“独角兽”吆喝大于实质,2018-05-30 08:29:49,http://www.egsea.com/index.php?app=Company&mod=Info&act=news&id=243970,前几年风生水起、让人艳羡的打新基金正在加速走下“神坛”。一方面是IPO进入减量提质阶段，打新项目大幅减少，另一方面打新基金底仓持股遭遇蓝筹失色、白马失蹄，后方起火。业内人士提醒，当前新股发行状态及打新基金底仓的行情下，打新基金纵使有追逐“独角兽”机会，也是赚吆喝大于业绩实质。（中国证券报）,中国证券报,未透露
道指收跌400点，中概股涨跌不一,2018-05-30 07:10:11,,36氪讯，周二美国股市收盘大幅下跌，道指重挫近400点。在美上市中概股收盘涨跌不一，阿里巴巴等七只知名中概股多数下跌，其中搜狐跌逾2%，仅有网易小幅上涨不到1%。其他中概股中，财报利好推动陌陌股价大涨15%以上，中通快递涨近8%；另一方面，宜人贷跌逾一成，趣店跌超8%。,36Kr,未透露
法国游戏商“Voodoo”获高盛2亿美元投资,2018-05-29 13:02:35,http://36kr.com/p/5136096.html,36氪获悉，据外媒报道，高盛基金已向法国移动游戏制造商 Voodoo 投资约 2 亿美元，以加速其业务在全球范围内的增长，同时在年底前将其员工人数翻番至 150 人，聘请计算机工程师开发即时通讯软件，并更好地利用在游戏上收集的数据。同时，据了解，West Street Capital Partners 也参与入股，但还未公布投资，Voodoo 的创始人仍控制公司主要股权。,36Kr,未透露
原乐视体育团队转型做区块链内容平台，已获500万美元投资,2018-05-29 10:56:27,http://www.jiemian.com/article/2179712.html,36氪讯，原乐视体育团队共计30人左右，正在研发一款名为“抓饭”的区块链内容平台。该平台以原先的章鱼TV为蓝本，正在进行区块链相关技术的研发，并已获得新湃资本500万美元的投资，专门成立新湃科技运营此项目。据了解，“抓饭”预计将于今年6月份上线，届时正逢2018年世界杯期间，该产品也将上线世界杯解说内容。,36Kr,未透露
继峰股份谈判买断德国Grammer股权,2018-05-29 10:45:54,http://finance.sina.com.cn/stock/usstock/c/2018-05-29/doc-ihcffhsu8122274.shtml,据彭博社报道，中国汽车零部件供应商宁波继峰汽车零部件股份有限公司正谈判买断其合作伙伴德国汽车座椅生产商Grammer AG的股权，对后者的估值约为7.5亿欧元（约合8.72亿美元）。（新浪财经）,新浪财经,未透露
100亿元中科院科技成果转化基金落户武汉,2018-05-28 15:54:47,,总规模达100亿元的中国科学院成果转化基金宣布落户有着“中国光谷”之称的武汉东湖高新区。基金落户后，将通过在武汉东湖高新区部署中科院系创投子基金体系，引进中科院优质产业化项目落地，促进东湖高新区产业结构升级和战略性新兴产业发展。（新华社）,新华社,未透露
高通或可得中国批准，收购荷兰恩智浦半导体公司,2018-05-28 14:23:23,http://36kr.com/p/5135972.html,据路透北京称，高通将于本周在北京和中国反垄断监管部门会谈，力争440亿美元收购恩智浦半导体的计划获得通过。对高通来说，这次收购如若成功，有助于高通在无人驾驶及人工智能领域快速发展。,36Kr,未透露
腾讯公司宣布以12.66亿人民币，对东华软件进行战略投资,2018-05-28 11:15:51,,36氪讯，腾讯公司今日宣布以12.66亿人民币对东华软件控股公司东华诚信进行战略投资。未来，腾讯云与东华软件将围绕传统行业数字化转型新需求，聚焦政府、医疗、能源、金融、物流等行业核心应用场景，重点在医疗云及医疗互联网应用、智慧城市、能源云、金融大数据四个方向深度合作，共同推动传统行业数字化转型升级。,36Kr,未透露
一站式婚庆服务平台WeddingWire获3.5 亿美元投资,2018-05-28 11:10:39,http://36kr.com/p/5135925.html,36氪获悉，私募基金Permira近日宣布对一站式婚庆服务平台WeddingWire投资3.5亿美元，并成为公司的大股东，目前双方已就此事达成协议。此次交易预计将于今年第三季度完成。此次投资将用于支持公司在美国和国际市场上的持续扩张，推进技术创新，并加大线上推广力度。,36Kr,未透露
KKR完成6800万美元青岛海尔股份出售,2018-05-28 10:09:52,,据彭博社报道，文件显示，KKR完成6800万美元青岛海尔股份出售。,36Kr,未透露
乐视接盘侠韬蕴资本陷募资疑云：借完达山Pre-IPO之名募资,2018-05-28 07:53:38,http://www.bjnews.com.cn/finance/2018/05/28/488619.html,知情人称，韬蕴资本曾宣称拟投资超13亿，持股完达山乳业26.44%；天眼查显示，完达山乳业股东结构近年来没变化。有接近事件的知情人爆料：“（借款人）韬蕴资本借完达山乳业Pre-IPO之名募资，募集到的资金并未投入到该项目上。”据天眼查显示，近年来完达山乳业的股东结构和出资信息没有发生过变化；韬蕴回应称目前项目一切正常，其他信息不便透露。（新京报）,新京报,IPO
彭博：中国海信集团在斯洛文尼亚电器品牌Gorenj的持股增至27.75%。,2018-05-25 21:41:49,,据彭博社报道，中国海信集团在斯洛文尼亚电器品牌Gorenj的持股增至27.75%。,36Kr,未透露
信雅达转让趣链科技股权，预计获益8080万元,2018-05-25 19:39:08,http://www.egsea.com/index.php?app=Company&mod=Info&act=news&id=242016,信雅达公告称，公司拟合计以8580.2023万元将持有的趣链科技5.7201%股权即150万元出资额，转让给理想国际控股集团有限公司或其指定的第三方。本次转让完成后，公司将不再持有趣链科技股权。本次作价8580.2023万元予以转让，预计本次交易公司投资收益毛利为8080万元左右（未考虑税费等扣减因素影响）。,36Kr,未透露
香港区块链创业孵化平台Smatup获500万美元风险投资,2018-05-25 18:12:29,http://36kr.com/p/5135714.html,总部位于香港的区块链创业孵化平台SmartUp宣布获得了一笔500万美元的风险投资，投资方为Blockchain Japan。SmartUp旨在将全球范围内的区块链初创公司于投资者联系起来，他们计划利用这笔最新融资进行早期平台运营，同时在Blockchain Japan的帮助下匹配一些合适的项目。,36Kr,未透露
路透：中国可能会在科技公司CDR发行中引入基石投资者,2018-05-25 17:14:11,,路透引述三位未具名知情人士报道称，由于担心交易规模对内地市场而言可能过大，中国计划引入基石投资者，帮助阿里巴巴、小米等海外上市公司在国内发行股票。CDR基石投资者可能有至少1年的锁定期，阿里巴巴和小米在CDR规划阶段中领跑。,36Kr,未透露
墨腾创投与志象网建立战略合作，共同开拓海外互联网市场,2018-05-25 11:51:09,https://mp.weixin.qq.com/s?__biz=MzI0NzMzMTE3NQ==&mid=2247485112&idx=1&sn=1121597614585ff33326d115ac4d6a44&pass_ticket=n%2BtEpG6vDclczaIQhA3ASwomWJEaSmcD3VA7UuYJteZPWLANbmC2R6Frx4TSVDRG,墨腾创投（Momentum Works）和志象网（The Passage）23日签署了代表未来战略合作的谅解备忘录（MoU），携手开发海外互联网创投市场。墨腾目前在新加坡、雅加达和曼谷都有运营分公司。 志象网专注于以印度为主的亚洲市场，新型科技市场科技创业的报道。（墨腾创投）,墨腾创投,未透露
高榕资本英文名称品牌升级为“Gaorong Capital”,2018-05-25 09:38:30,,36氪讯，高榕资本宣布品牌升级，公司英文名称由原有的“Banyan Capital”升级为由拼音标识的“Gaorong Capital”。从而实现基金中英文名称的一致性，以更方便国内的创业者、投资人、媒体等辨识基金主体。高榕资本专注于TMT行业初创期和成长期投资。,36Kr,未透露
办公室智能门锁公司 Openpath 获 700 万美元融资,2018-05-24 21:42:06,https://36kr.com/p/5135298.html,36氪获悉，办公室智能门锁公司Openpath 近日获 700 万美元的融资。资料显示，到 2024 年，全球智能锁市场规模预计将达到 242 亿美元，年复合增长率为 60.1％，市场增长空间依然很大。,36Kr,未透露
彭博：中国的海信收购斯洛文尼亚GORENJE的22.56%股份。,2018-05-24 21:29:30,,据彭博报道，中国的海信收购斯洛文尼亚GORENJE的22.56%股份。,36Kr,未透露
“扫地机器人第一股”科沃斯将于5月28日上市,2018-05-24 21:18:20,http://www.bbtnews.com.cn/2018/0524/243152.shtml,“扫地机器人第一股”科沃斯公告显示，公司股票将于5月28日上市，此次发行的股票数量为4010万股，发行价格为20.02元/股。招股书显示，科沃斯主要从事各类家庭服务机器人、清洁类小家电等智能家用设备及相关零部件的研发、设计、生产与销售。（北京商报）,北京商报,未透露
Coinbase收购分散式加密交易平台Paradex，扩大交易范围,2018-05-24 18:17:21,http://www.techweb.com.cn/world/2018-05-24/2668288.shtml,据国外媒体报道，加密行业巨头Coinbase收购了一家分散加密的货币交易中继平台Paradex，该平台可以帮助非美国客户直接交易数百个基于以太坊的数字货币。,36Kr,未透露
创新工场智能投资基金落户广州，目标总规模25亿,2018-05-24 14:32:07,,36氪讯，广州开发区管委会今日分别与北京互联创新工场投资管理有限公司、创新工场（北京）企业管理股份有限公司、深圳创新奇智科技有限公司在广州签署系列合作协议，创新工场智能投资基金落户广州开发区，目标总规模25亿元，重点投资人工智能、教育、消费升级、B2B企业服务等领域中早期项目。,36Kr,未透露
区块链公司Nchain宣布收购BCH钱包Handcash多数股权,2018-05-23 21:56:14,https://36kr.com/p/5135198.html,据Bitcoin消息，区块链技术研发公司Nchain宣布收购初创公司Handcash的多数股权。据Nchain消息，这笔交易是通过该公司的投资部门Nchain Reaction达成。,36Kr,未透露
摩根大通高管：中国独角兽公司将掀大规模上市潮，逾八成公司选择赴港IPO,2018-05-23 21:01:04,https://m.21jingji.com/article/20180523/herald/a09c950eb861d0febfd52c85f89e6ad0.html,摩根大通全球股票资本市场主管Liz Myers表示：香港最近对于上市的改革措施改变了游戏规则。大中华地区的许多公司过去会去美国上市，尤其是要求企业架构有灵活性的企业，现在则可以选择在与业务所在地较近的香港上市。我们预计今年在香港上市的交易数量会有所增加。（21世纪经济报道）,21世纪经济报道,IPO
大富科技收购百立丰51%股权，估值17亿元布局5G,2018-05-23 19:44:03,http://tech.qq.com/a/20180523/034453.htm,大富科技今日发布公告称，各方已签订框架协议，公司通过支付现金方式购买百立丰51%股权。公告显示，百立丰100%股权的交易价格预估值为17亿元，最终交易价格依据独立第三方评估机构出具的《评估报告》确定的评估值，由交易双方协商确定。大富科技表示，本次收购百立丰，就是公司在5G全产业发展的重要布局。（腾讯）,腾讯,未透露
美国智能锁公司LockState 获 580 万美元融资,2018-05-23 19:14:49,https://36kr.com/p/5135299.html,36氪获悉，美国智能锁公司 LockState 宣布，获得 580 万美元融资，由 Iron Gate Capital 领投，Kozo Keikaku Engineering、Nelnet 和 Service Provider Capital 跟投。本轮资金将用于加速家庭用智能锁的推广。,36Kr,未透露
奢侈品B2B电商“Ordre”近日获得阿里巴巴数千万美元战略投资,2018-05-23 19:13:45,https://36kr.com/p/5135324.html,36氪获悉，总部位于法国巴黎的奢侈品服装B2B电商“Ordre”，近日获得来自阿里巴巴的战略投资。具体金额未披露，但据相关人士透露，融资金额近2000万美元。关于此次融资，创始人Simon P. Lock表示：“Ordre将在阿里巴巴的支持下加速技术迭代、更好地为设计师赋能，并打开一条通往中国奢侈品市场的道路。”,36Kr,未透露
申万宏源：富士康工业IPO募资低于媒体预期，部分因公募基金报价谨慎,2018-05-23 16:52:58,,申万宏源证券表示，工业富联IPO募资低于媒体预期，是其发行定价原则和主流询价机构谨慎报价共同作用的结果。分析师林瑾表示，公募基金特别谨慎的原因，除了估值角度的考量外，更重要的是对潜在中签率相对较高的预期，必须执行严格的风控要求以避免获配“超标”。（彭博）,彭博,IPO
“科学队长”获3000 万人民币融资,2018-05-23 14:42:43,http://36kr.com/p/5135204.html?ktm_source=feed,科学教育机构“科学队长”宣布获寻找中国创客导师基金领投的 3000 万人民币融资。同时，科学队发布了为 K12 教育机构赋能的方案：科学教育“中央厨房”。,36Kr,未透露
英国 Realeyes 获 1620 万美元融资,2018-05-23 14:31:37,https://36kr.com/p/5135259.html,36氪获悉，英国初创企业 Realeyes近日宣布获 1620 万美元融资，本轮由 Draper Esprit 领投，Karma Ventures 和 Harbert European Growth Capital 跟投。Realeyes 表示，本轮资金也将继续用于开发平台的预测分析能力，向营销人员提供视频广告的用户分析，驱动商业决策。,36Kr,未透露
新零售公司“初纸”获近千万级战略融资,2018-05-22 21:04:33,http://36kr.com/p/5135188.html,36氪获悉，新零售纸巾公司“初纸”获巨人网络前总裁纪学锋、码力兄弟千万元的战略投资。融资之后，“初纸”将着重扩大团队规模，研发发系统，开展战略直营，增加市场推广力度，完善供应商管理体系这四点进行布局。,36Kr,未透露
草本功能性饮料品牌“Rebbl”获2000万美元融资,2018-05-22 16:33:14,http://36kr.com/p/5135123.html,36氪获悉，美国草本功能性饮料品牌“Rebbl”宣布获2000万美元融资，由Cavu Venture Partners领投。上一轮融资由Bigr Ventures和PowerPlant Ventures领投。据了解，“Rebbl”目前年销售额在2000万至5000万美元，预计今年将以70％的速度增长，本轮估值为1亿美元。,36Kr,未透露
港股“独角兽”集体破发，“新经济五剑客”缩水超1700亿港元,2018-05-21 21:47:47,http://finance.sina.com.cn/stock/marketresearch/2018-05-21/doc-ihawmaua2770592.shtml,“新经济五剑客”中，除阅文集团外，众安在线、易鑫集团、雷蛇和平安好医生均跌破发行价。据万得数据显示，截至本周一，“新经济五剑客”市值较此前高位累计已缩水超1700亿港元。今年上市的83只港股新股中，目前已经有50只股价处于破发状态，其中逾14只港股的破发幅度超35%，41只跌幅超10%。（中证报）,中证报,未透露
前火币CTO创建FCoin交易所，获丹华资本等投资,2018-05-21 15:21:43,,由火币前CTO张健创立的FCoin宣布，获得丹华资本、节点资本、歌者资本、时戳资本、八维资本、Zipper基金会等机构及个人的联合投资。张健表示，FCoin不是传统意义的交易所，也不是公司，而是一个通证化的社区组织，该组织的权益通过其发行的FT（FCoin Token）来体现。（网易科技）,网易科技,未透露
高榕资本张震：新经济也是实体经济，也需要金融科技的支持,2018-05-21 14:31:47,http://tech.qq.com/a/20180521/024317.htm,高榕资本创始合伙人张震表示，金融供给侧改革的核心是要解决金融资源的优化配置问题，实体经济中的很多传统领域都存在去产能、去杠杆的问题。为了更好的服务于新经济，金融行业也需要拥抱科技、需要吸收对新科技的各种应用方式，包括新的风控、获客方式等以为实体经济提供更好的服务。（腾讯科技）,腾讯科技,未透露
2018成都全球创交会：成交总金额超305亿元人民币,2018-05-19 19:01:53,,今日举办的成都全球创交会上，各类交易成交总金额达305.48亿元。本届创交会成功举办主体活动14场、配套活动25场，来自美国、加拿大、俄罗斯、德国、日本、韩国等30余个国家的2位诺奖得主、4位院士、50余位全球知名高校负责人，360集团、商汤科技、平安好医生等120余家知名企业，共2400余名嘉宾出席会议，60多家创投机构参加了项目路演和成果分享。（中新网）,中新网,未透露
中国电科与上海市签战略协议，推进5G创新中心等七大中心,2018-05-19 18:52:06,,中国电科将在上海设立智能物联建设和服务运营企业，首期资金投入规模100亿元左右，并与上海深入合作，共同推进拟态安全创新中心、安全工控创新中心、认知计算创新中心、5G创新中心、城市安全工程中心、光传输和光传感工程研究中心、中国电科（上海）双创示范基地等七大创新中心建设。签约仪式上，嘉定区与中电海康集团签署了合作协议，将重点合作发展人工智能、物联网、智慧城市基础设施、微纳电子等产业。（上海观察）,上海观察,未透露
小鸣单车进入破产程序，或欠1.4亿押金未退,2018-05-19 17:03:08,http://baijiahao.baidu.com/s?id=1600881049526262709&wfr=spider&for=pc,今日，车东西获悉，小鸣单车的经营方——广州悦骑信息科技有限公司（以下简称“悦骑公司”）已经进入破产程序。据媒体报道，小鸣单车最多可能拖欠70万用户押金，总值达到1.4亿元。广东消费者委员会向消费者发出提示，根据《企业破产法》的相关规定，押金未能退还的消费者是对悦骑公司享有债权的债权人，可以进行债权申报。,36Kr,未透露
康美药业投资3000万成立子公司，推动“智慧药柜”项目,2018-05-18 14:26:51,https://www.iyiou.com/p/72695,康美药业”昨日召开了第八届董事会2018年度第一次临时会议，审议通过了《关于对外投资设立子公司的议案》。公告显示，康美药业拟投资1000万元在深圳市设立全资子公司康美智慧医院科技（深圳）有限公司。据悉，该子公司主要是推动“智慧药柜”项目。（亿欧）,亿欧,未透露
网约同城物流服务平台“无忧帮帮”获2500万元融资,2018-05-18 13:15:31,https://www.pencilnews.cn/p/18799.html,网约服务平台“无忧帮帮” 今日宣布完成2500万元融资，投资方为木马资本。据悉，无忧帮帮是一款专注于网约服务平台，旗下产品小帮出行、小帮快送，通过LBS定位为商家和用户提供精准匹配，截至2017年，无忧帮帮业务已拓展到34个城市。（铅笔道）,铅笔道,未透露
“Next 10 Ventures”筹集5000万美元资金，专注投资数字内容领域,2018-05-18 12:29:10,http://36kr.com/p/5134552.html,36氪获悉，新风投公司“Next 10 Ventures”近日筹集了5000万美元的资金，专注于投资数字内容，以及为内容创作者提供工具与服务的领域。公司表示，后续投资会重点涉及三大领域：视频、IP孵化、内容电商，并且将会有一个专门针对教育内容创作者的基金。,36Kr,未透露
微医战略入股茂宸集团旗下新IVF医疗集团 ,2018-05-18 12:24:44,,36氪讯，茂宸集团控股有限公司昨日宣布，集团旗下辅助生殖医疗专科宝德医务将与香港妇产科中心The Women’s Clinic合并，共建辅助生殖医疗集团。 同时，微医入股成为新IVF医疗集团的战略股东。据悉，此次合作是微医在中国大陆以外地区的首个投资项目。,36Kr,未透露
收购向蜜鸟，微盟正式进军智慧酒店市场,2018-05-18 11:18:43,http://36kr.com/p/5134593.html,智能商业服务商微盟今日宣布微盟与微信酒店直销服务商及平台运营商，广州向蜜鸟网络科技有限公司签署收购协议，本次收购完成后，向蜜鸟将成为微盟的控股子公司，也标志着微盟正式进军智慧酒店市场。据透露，下一步，微盟与向蜜鸟将合作，通过微官网、微商城、微客服等运营产品，为酒店微信直销和会员系统提供帮助，帮助传统酒店通过社交分享实现营销裂变，为酒店节省人力成本及提升营收能力。,36Kr,未透露
闪电狗获1亿元融资,2018-05-18 10:24:44,https://www.pencilnews.cn/p/18797.html,闪电狗于2018年4月获1亿元融资，投资方为东旭集团、东鼎国际。据悉，闪电狗货运平台，主要服务于企业级客户，运营至今，已覆盖北京、雄安、上海、太原、石家庄、保定、济南、西安、成都9个城市。服务美的、小米、京东等1000余家企业级客户。。此外，公司不在运费中抽取佣金，运费全部为司机所得。（铅笔道）,铅笔道,未透露
新经济企业密集定增改写A股再融资格局 ,2018-05-18 07:29:21,,今年以来（截至5月16日），共有90家公司发布了定增预案，其中，新经济企业占到一半，无论企业数量还是融资规模，同比都在快速增长。监管部门最近在接受媒体采访时表示，将优化审核标准与流程，明确服务国家战略的融资政策，推进新旧动能转换，支持新经济企业发行债券和资产支持证券融资。（上证报）,上证报,未透露
李小加：下半年或将出现同股不同权公司上市高峰,2018-05-17 10:58:14,https://finance.qq.com/a/20180517/018579.htm,港交所行政总裁李小加致表示，暂时不变透露有多少家公司，申请以同股不同权的架构在香港上市，考虑到4月底才启用新规，预计8月之后，或将出现上市高峰。李小加说，“每年上市高峰都集中在下半年，有审计的因素，也有假期的因素，新规4月底开始生效，预计更多公司会在8月后上市，9到11月都是上市高峰期。”（腾讯财经）,36Kr,未透露
顶级股东顾问公司ISS建议Facebook股东不要支持扎克伯格,2018-05-17 10:10:10,http://tech.ifeng.com/a/20180517/44994202_0.shtml,据路透社报道，当地时间星期三，顶级股东顾问公司Institutional Shareholder Services（ISS）建议Facebook股东，不要支持包括公司CEO马克·扎克伯格在内的5名董事，投票支持旨在改进公司对选举干扰和骚扰等问题回应的股东提案。（凤凰科技）,凤凰科技,未透露
美国 Beam Dental 获 2500 万美元融资,2018-05-17 07:59:57,http://36kr.com/p/5134337.html,近日，美国牙科保险企业 Beam Dental 宣布，获得 2500 万美元融资，投资方为 Kleiner Perkins 。Beam 原先的业务是售卖智能牙刷和牙线，牙刷里带有蓝牙装置，可以和应用程序相连接，获取刷牙数据。目前，该公司正准备利用这些数据，以及智能牙刷的产品基础，进入牙科保险市场。,36Kr,未透露
美国社区化体育媒体 Minute Media 获 1700 万美元融资,2018-05-17 07:58:34,http://36kr.com/p/5134297.html,美国体育媒体 Minute Media 近日宣布，获得 1700 万美元的融资，本轮由高盛、La Maison 和 Vintage 领投。本轮过后，其融资总额达到 7700 万美元，据 PitchBook 数据，估值或达两亿。对于本轮融资，Minute Media 表示，要建成全球性的媒体平台，想扩展到中国这样的新市场。,36Kr,未透露
创新企业登陆A股进入预热期，券商启动技术准备工作,2018-05-17 07:40:35,http://finance.sina.com.cn/stock/quanshang/qsyj/2018-05-17/doc-iharvfhu2905260.shtml,创新企业登陆A股已进入预热阶段。近期，沪深交易所向各家证券公司下发通知，要求各家证券公司学习相关办法及征求意见稿的内容，尽快启动创新企业股票或存托凭证的相关业务及技术准备工作。通知还要求券商做好投资者适当性管理。在买入创新企业股票或存托凭证前，能够以书面或电子等方式签署创新企业股票、存托凭证风险揭示书。（上证报）,上证报,未透露
云九资本完成2亿美元新基金募集,2018-05-16 18:12:57,,"36氪讯，云九资本（ (Sky9 Capital)）近日宣布，总金额为2亿美元的Sky9 Capital Fund III, L.P.美元基金已于年初超额募资成功。该基金的投资人包括世界顶级机构投资者，家族基金会和企业家，将主要用于投资中国市场，参与创新型互联网，深度科技和企业服务类项目的早期投资。",36Kr,未透露
毫米波雷达技术公司Metawave完成1000万美元融资,2018-05-16 14:21:30,http://36kr.com/p/5134178.html,据外媒报道，硅谷智能车载雷达公司 Metawave 已经获得1000万美元融资，现代、丰田和汽车供应公司 Denso 等五家公司投资。融资将主要用于研发无人驾驶汽车中的“智能车载雷达系统”。去年 9 月，Metawave 曾获得了上汽资本700万美元的种子轮融资。,36Kr,未透露
美团全资收购“屏芯科技”，加码餐饮ToB业务,2018-05-16 12:34:33,http://36kr.com/p/5134207.html,36氪技获悉，屏芯科技已被美团点评全资收购，目前双方已经完成相关交割，后期屏芯科技将保持独立运营。据悉，此次收购完成后，屏芯科技将全面融入美团餐饮生态体系，双方联手推进商家基础设施改造升级，成为新餐饮征程中的重要推动力量。,36Kr,未透露
春晓东科成立1亿元天使基金,2018-05-16 10:52:23,,36氪讯，春晓资本联合武汉东科创星管理咨询有限公司共同发起设立春晓东科天使投资基金，基金规模为1亿人民币。据悉，该基金将重点投资武汉市人工智能、生命健康、新一代信息技术、新材料产业及其他战略性新兴产业领域的创业期和早中期企业，着力发掘原创核心技术。,36Kr,未透露
特斯拉重获索罗斯青睐，持有3500万美元可转债,2018-05-16 08:54:21,http://finance.sina.com.cn/stock/usstock/c/2018-05-16/doc-ihapkuvm6035367.shtml,亿万富翁乔治-索罗斯旗下的投资公司今年一季度收购了特斯拉价值3500万美元的可转换债券，似乎意味着马斯克旗下的电动汽车制造商重新获得了这位金融大鳄的支持。索罗斯旗下索罗斯基金管理公司在周二向美国证券交易委员会（SEC）提交的13F文件中披露了这一数字。（新浪财经）,新浪财经,未透露
摩根士丹利：亚洲苹果供应商股价下跌过度 现在是买入时机,2018-05-16 08:52:02,,摩根士丹利表示，近期受苹果公司新iPhone手机需求走软相关担忧影响，iPhone供应链中的亚洲零部件生产商股价已经下跌，现在正是“有吸引力的买入机会”。考虑到供应商收入增长的迹象，回调似乎“过度”，一些股票将因之前市场过度悲观而受益。（彭博）,彭博,未透露
消息称软银孙正义拟设立第二支愿景基金，筹资规模1000亿美元,2018-05-16 08:42:50,,孙正义正就设立第二支愿景基金与投资者进行初步接洽，筹资规模1000亿美元，最早可能明年启动。（彭博）,彭博,未透露
尽管股价大跌，Facebook一季度仍最受对冲基金欢迎,2018-05-16 08:24:07,http://tech.sina.com.cn/i/2018-05-16/doc-ihapkuvm5894983.shtml,尽管由于3月份的数据泄露丑闻而股价大跌，但Facebook仍然是第一季度最受对冲基金欢迎的美国股票。彭博社整理的数据显示，第一季度对冲基金净买入13.7亿美元Facebook股票，超过其它任何美国股票。（新浪科技）,新浪科技,未透露
摩根士丹利分析师担忧Model 3产能与盈利，下调特斯拉目标股价,2018-05-16 07:25:22,http://tech.qq.com/a/20180516/003191.htm,摩根士丹利分析师亚当-乔纳斯（Adam Jonas）将特斯拉目标股价从376美元下调至291美元，乔纳斯周二在致客户的研究报告中表示，“我们认为，Model 3产能面临的挑战问题体现了特斯拉公司对此汽车的设计、生产以及该汽车的自动化水平等都面临着问题，这些问题将影响Model 3的盈利能力。”（腾讯科技）,36Kr,未透露
人人网出售资产遇阻，小股东向SEC申诉称遭受不公正对待,2018-05-15 14:22:19,http://www.jiemian.com/article/2140421.html,有部分投资者向SEC申诉，要求禁止人人将其公司资产出售给人人CEO陈一舟所控制的私人实体以及日本软银集团，这些股东要求对这笔出售所持44家公司股权的交易进行调查，称该交易涉及的资产几乎被严重贱卖。小股东在公开信中表示，人人公司近期宣布的交易不公平，所有小投资者的权利遭到了不公正对待，将给小投资者带来巨大的无可挽回的损失。（界面）,界面,未透露
法国创业公司Welcome to the Jungle获840万美元融资 ,2018-05-15 14:22:02,http://www.lieyunwang.com/archives/441127,法国创业公司“Welcome to the Jungle”获840万美元（即700万欧元）融资，本轮融资投资方包括风险投资公司 XAnge、Bpifrance和 Kima Ventures以及投资人Jean Paul Guisset和Michael Benabou。这家公司现阶段主要为巴黎的数百家科技公司服务。（猎云网）,猎云网,未透露
蔻诗曼嘉5700万美元收购美国同行Englewood Lab的控制性股权,2018-05-15 13:06:23,http://www.jiemian.com/article/2140142.html,近日，韩国化妆品OEM/ODM代工企业Cosmecca Korea（蔻诗曼嘉）宣布收购美国同行Englewood Lab的控制性股权。本次交易中，Englewood Lab首席执行官David Chung将自己持有的Englewood Lab34.7% 的股份以5700万美元出售给Cosmecca Korea。（界面）,界面,未透露
贝莱德收购LG电子5%股份，成为第三大股东,2018-05-15 11:30:43,http://tech.qq.com/a/20180515/021155.htm,据外媒报道，全球最大资产管理公司贝莱德收购了LG电子5%的股份，成为这家韩国科技巨头的第三大股东，仅次于LG集团和韩国国家养老基金。,36Kr,未透露
招聘平台SpringRole完成130万美元私募融资 ,2018-05-15 10:32:55,http://www.lieyunwang.com/archives/440977,美国和班加罗尔区块链专业网络SpringRole今日完成了130万美元私募融资。投资方包括AlphaBlock Investments、DNA、BlockWater和Wavemaker Genesis。（猎云网）,猎云网,未透露
中国概念股多数上涨，虎牙直播上市两日大涨逾53%,2018-05-15 07:18:18,,36氪讯，周一中国概念股多数上涨，阿里巴巴收涨2.2%，京东收涨0.6%，百度收涨0.87%。虎牙直播上市次日大涨14.45%，两日大涨53.17%。爱奇艺收涨6.38%，趣店收涨6.29%，哔哩哔哩收涨5.32%。,36Kr,未透露
"分类买卖应用程式Carousell获8,500万美元第三轮融资",2018-05-15 06:45:19,,"36氪获悉，分类买卖手机应用程式Carousell宣布，募得8,500万美元的第三轮融资。是次融资由乐天风险投资公司及新加坡经济发展局旗下EDBI共同领导。据悉，新一笔资金将推动Carousell产品创新，让其于人工智能先导的世界中有新突破。主要资金会投放于人才及深度技术开发，进一步优化Carousell。",36Kr,轮
政务信息化市场的隐形独角兽，思源政通百亿估值逻辑  ,2018-05-14 13:06:42,http://www.eeo.com.cn/2018/0514/328316.shtml,思源政通高层透露，该公司计划融资15亿到20亿元人民币，整个公司估值已高达100亿左右。而目前已有多家国内顶尖的投资机构与其达成了合作意向，这一A轮投资结果不日即将正式公布。“我们在两三年内都没有竞争对手。”在董事长张亮看来，思源政通是作为一个平台公司存在的，和其他公司是一种合作关系。“这个市场的蛋糕足够大，我们可以一起分享。”（经济参考报）,36Kr,未透露
定制宠物鲜粮兴起，NomNomNow 宣布完成 1300 万美元融资,2018-05-14 13:01:59,http://36kr.com/p/5133763.html,36氪获悉，NomNomNow 定位于为宠物狗提供新鲜定制、兽医配方的食品，今天宣布已经完成了 1300 万美元的融资，投资方包括Bullish，CircleUp，e.ventures，Tandem Capital和Greycroft等。这是迄今为止在toC 新鲜宠物食品领域中金额最大的融资。,36Kr,未透露
工业互联网APP培育工程实施方案已印发,2018-05-14 09:27:59,,工信部信软司副司长李冠宇表示，工信部刚刚印发《工业互联网APP培育工程实施方案（2018-2020年）》，目的就是通过市场化手段，引导软件企业与工业企业合作，推动企业基于云平台和工业APP库开发专业化应用软件。 （新浪财经）,36Kr,未透露
